id,name,price,stock,category_id
1,Fine Determine,41.01,1,698
2,Vote Mr,165.08,417,517
3,Society Cup,26.5,133,927
4,Student Single,254.75,55,431
5,Sit Worker,380.37,234,341
6,Finish Sign,314.67,193,658
7,Price Now,25.6,175,853
8,House Cause,63.13,193,3
9,Purpose Dark,137.04,157,656
10,Next Policy,234.86,228,293
11,Those Million,6.48,154,404
12,Election Rule,261.94,142,240
13,Else Nature,70.26,189,159
14,Tv Baby,346.04,492,130
15,Class Word,245.29,407,237
16,Against Order,400.54,162,873
17,Already Series,328.66,412,791
18,Threat A,249.46,429,105
19,Bed Need,188.66,454,558
20,Mr Represent,472.13,467,601
21,Her Available,155.75,310,775
22,Why Remain,386.85,298,374
23,Onto Ever,283.63,466,998
24,Yourself Likely,120.24,481,177
25,Herself Including,106.98,113,591
26,Education Agree,355.16,304,343
27,Enjoy Worry,478.0,475,781
28,Letter Race,84.43,156,608
29,Significant Nature,216.89,320,835
30,Almost Challenge,472.8,295,515
31,Resource Culture,302.84,255,816
32,Wish Computer,445.85,429,281
33,Husband Economic,281.12,7,633
34,Action Director,342.1,39,616
35,Until Into,75.96,164,308
36,Explain Another,389.34,173,181
37,Out Plan,167.53,435,116
38,College By,91.36,493,434
39,Free Picture,227.56,206,482
40,Determine Condition,365.24,370,357
41,Report Appear,6.86,132,505
42,Democrat Plan,15.23,311,408
43,Green Player,391.42,73,400
44,Language Late,276.68,149,890
45,Cup Wait,205.29,127,947
46,Building Buy,144.69,461,493
47,Financial Republican,491.39,213,114
48,His Wrong,298.87,171,526
49,Machine Miss,158.2,364,465
50,Will Politics,152.1,433,395
51,Financial Produce,182.84,400,867
52,Tree Charge,260.88,265,840
53,Production Everybody,430.61,100,89
54,Choose Direction,391.8,84,751
55,Give Yeah,7.02,37,263
56,Some Myself,247.86,152,965
57,Card Bring,465.54,422,658
58,About Congress,392.07,149,267
59,Audience Address,296.62,426,25
60,About Leg,16.33,399,278
61,Stay Development,179.67,280,74
62,Trial Few,388.25,333,436
63,Live Himself,397.51,169,381
64,Much Side,32.27,234,596
65,Start Stuff,331.64,446,994
66,Money Act,491.69,123,554
67,Take Last,10.49,162,842
68,Cold Compare,17.28,231,471
69,Necessary Everybody,338.27,61,681
70,After Nation,364.52,133,336
71,Grow Piece,70.43,413,899
72,Painting Carry,78.85,80,40
73,Else Resource,250.0,26,12
74,Through Nature,287.72,497,718
75,Mention Health,48.4,305,784
76,Keep Mother,434.48,381,131
77,Perhaps Red,311.99,362,23
78,Itself Positive,329.98,66,645
79,Drop Administration,27.74,355,818
80,Peace Through,255.65,341,45
81,Computer Direction,106.51,62,716
82,Analysis Entire,128.43,68,23
83,Successful Never,414.52,353,139
84,Town Local,165.33,414,706
85,Us Either,336.04,222,992
86,Grow Election,228.6,65,777
87,Interesting Data,186.86,21,785
88,Professor Represent,25.5,25,693
89,Night Somebody,305.63,338,646
90,But Every,283.6,248,724
91,Style Last,327.02,401,103
92,Series Concern,201.15,499,229
93,Me Subject,154.3,234,69
94,Entire Buy,306.72,175,745
95,Always Theory,365.51,24,834
96,Throughout Name,21.84,127,722
97,Happy Rock,220.58,71,226
98,Special Far,243.96,350,691
99,He Authority,265.86,377,207
100,Create Part,31.7,168,346
101,Party Cup,423.89,388,262
102,Property Accept,220.09,306,534
103,Reduce This,419.23,78,687
104,Sign It,389.91,445,941
105,Begin Feeling,163.05,470,421
106,Simply Season,24.14,335,378
107,Election Apply,52.98,381,181
108,Bag Ground,157.48,371,948
109,Stock Rock,14.43,298,36
110,Through Point,207.72,330,743
111,Throughout Late,380.96,139,764
112,Money Compare,480.91,67,851
113,Recognize The,82.37,30,111
114,Lot Short,71.39,353,299
115,Than Week,483.89,142,949
116,Good Woman,49.48,460,635
117,Skin Allow,186.19,38,312
118,Cultural Center,342.6,107,85
119,Also Fire,208.99,367,298
120,After Change,48.58,270,805
121,State Stuff,81.12,87,685
122,Medical Type,434.3,203,255
123,Son Indicate,335.69,3,725
124,Town Trade,449.84,472,163
125,Deal You,328.93,142,524
126,Business Indicate,228.54,408,681
127,Message Send,299.58,400,565
128,On Various,79.97,413,728
129,Rest Factor,118.91,268,384
130,Partner Day,57.31,199,11
131,Information New,89.78,443,913
132,Trouble High,153.69,136,160
133,Soon Month,121.4,451,412
134,Recent Popular,406.0,374,920
135,Sound Political,355.22,319,834
136,We Television,138.61,145,622
137,Particularly Life,94.39,333,905
138,Ask Fear,360.44,273,42
139,Understand You,309.87,60,352
140,Leader With,244.16,492,631
141,Table Red,93.35,283,619
142,Give Still,434.02,211,759
143,Despite Discuss,456.04,311,838
144,Source Although,307.43,19,218
145,Same Never,81.81,423,189
146,Sometimes Student,448.77,100,568
147,Education Its,122.63,398,193
148,Simple With,150.83,14,597
149,Garden Exist,495.84,490,447
150,Wear Money,70.49,476,326
151,Threat Lead,349.67,128,485
152,He Rock,228.24,350,738
153,Old Economic,342.42,292,546
154,Area Get,212.18,97,566
155,Out Thought,268.34,437,47
156,Participant Detail,343.11,202,186
157,Certain House,219.89,410,498
158,Represent Generation,366.46,50,278
159,Daughter Mention,15.14,298,106
160,New Reason,433.81,496,456
161,Recognize Beyond,467.25,142,129
162,Gun Scientist,362.97,220,481
163,Glass Someone,358.07,485,600
164,Window Become,81.56,51,919
165,Writer Manage,205.62,162,875
166,Impact Baby,437.74,357,22
167,Forget Resource,431.09,259,696
168,Professor Score,344.78,325,496
169,Pretty No,441.76,149,472
170,Realize Hotel,265.35,95,52
171,Area Concern,489.62,27,279
172,Teacher No,273.07,308,871
173,Majority Foot,65.68,73,627
174,Visit Will,498.06,333,844
175,Husband Election,408.23,203,114
176,Finish Wonder,412.28,417,645
177,Court Huge,192.59,238,59
178,Cup Low,196.16,353,346
179,Say Direction,482.04,248,891
180,Baby Later,499.6,225,848
181,Marriage Audience,259.31,103,804
182,Question Model,434.62,336,650
183,Build Member,472.65,371,295
184,Blue This,263.83,400,920
185,Then Response,490.33,126,282
186,You Director,307.13,338,406
187,Let Thousand,340.12,274,927
188,White Policy,29.23,453,988
189,Serious Nation,256.3,263,174
190,Five High,174.73,405,769
191,Air Interesting,19.0,202,9
192,Cold Environmental,177.06,252,321
193,Day Student,472.95,319,327
194,Example And,441.14,315,755
195,Road Plant,360.84,142,717
196,Require Gun,485.72,404,935
197,Where Wind,73.42,4,107
198,Bed Free,387.41,229,638
199,World Follow,285.0,147,719
200,Hospital Fight,179.86,111,692
201,Project Professor,172.25,214,305
202,Life Month,185.44,132,278
203,Career Most,478.82,142,803
204,He Where,228.17,198,179
205,Process Manager,477.52,63,733
206,Doctor Process,455.31,385,424
207,About Page,444.74,266,392
208,Sign Because,441.1,470,5
209,Son During,320.93,247,905
210,Nothing Media,324.4,128,939
211,Type Weight,53.54,19,133
212,Pass Live,331.66,478,279
213,Trade Once,243.15,52,460
214,Many Kid,260.09,72,875
215,Under Parent,192.34,200,688
216,Other Set,384.45,263,551
217,Across Draw,333.28,494,437
218,Wall Would,235.35,6,87
219,Race Attack,342.08,36,200
220,Choice Heavy,315.44,263,584
221,Catch Far,333.93,286,286
222,Create Position,77.63,124,33
223,Impact Per,67.82,118,66
224,Soon Seven,453.45,288,61
225,Others Sense,392.7,206,494
226,Sit Ability,222.47,334,282
227,Begin Should,491.81,367,979
228,Century Term,498.49,449,162
229,News Always,301.88,209,778
230,Collection Professional,314.09,57,859
231,Cold Other,42.82,187,754
232,Tonight Also,333.53,148,275
233,Resource Your,174.18,452,159
234,Require Now,404.22,310,202
235,Of Catch,339.14,461,518
236,Require Value,324.55,158,883
237,His Deal,69.98,430,52
238,Themselves Hour,462.77,141,706
239,Point Campaign,7.34,295,233
240,Five She,164.86,420,284
241,Never Face,123.7,413,599
242,Baby Thus,458.29,401,885
243,Describe Big,28.46,113,731
244,Claim Unit,443.57,329,915
245,Hot Leave,247.0,71,170
246,Stage Month,175.83,39,853
247,Blood Without,16.66,333,161
248,Art Hand,154.26,62,886
249,Election Leader,407.73,465,673
250,Save Present,198.94,88,924
251,Career Condition,461.03,454,9
252,Character Factor,164.77,97,106
253,Produce Hand,255.52,342,548
254,Several Edge,40.8,294,219
255,Able Support,126.33,213,771
256,Heart Believe,220.81,289,632
257,Soldier Activity,149.18,418,278
258,Lead Sing,463.7,217,579
259,Smile Car,303.6,228,110
260,Must Smile,25.41,455,593
261,Agency Order,179.82,197,406
262,Task Watch,23.75,65,544
263,Know Point,415.02,171,381
264,Body Man,239.42,3,820
265,Difference Card,277.79,412,943
266,Music Eye,195.0,399,121
267,Land Down,78.98,12,751
268,Onto Husband,28.46,67,29
269,Prove Customer,21.38,384,152
270,Language Concern,422.24,214,9
271,Election Its,37.43,306,779
272,Table Smile,254.1,408,408
273,Add Federal,397.58,46,630
274,Challenge Evidence,421.28,196,96
275,Official Help,214.49,238,832
276,Class Camera,320.5,52,899
277,Particular Think,199.8,223,864
278,Century Assume,396.38,387,885
279,Church Heavy,467.88,157,28
280,Head They,371.0,270,627
281,Sometimes Organization,25.71,321,16
282,Money Detail,452.68,111,703
283,Agree Bit,224.56,341,220
284,Exist Lay,262.26,242,426
285,Instead Seven,368.79,463,625
286,Organization Teacher,60.51,99,998
287,Especially Minute,347.13,354,443
288,Not Defense,160.54,188,397
289,Room Example,322.79,218,887
290,Radio Central,492.46,107,608
291,Response Civil,353.2,291,325
292,Car Top,194.77,498,781
293,Cup Material,64.75,85,523
294,Important Threat,365.36,26,561
295,She Even,160.62,342,800
296,Make Find,165.19,11,136
297,Simple Suddenly,362.13,492,117
298,Series Mention,463.05,211,87
299,When Rock,261.97,495,542
300,Two Home,494.05,357,454
301,Popular Character,236.6,378,992
302,Now Man,386.22,39,29
303,Recognize Education,177.86,432,132
304,Mind Former,263.19,252,808
305,Treat How,11.12,326,639
306,Production Example,212.6,8,725
307,Agent First,279.08,246,451
308,Customer Knowledge,44.1,251,5
309,Talk Amount,82.14,162,465
310,Thing Him,28.62,324,862
311,Which Know,411.98,94,436
312,Attack Natural,381.08,38,382
313,Practice Experience,114.33,379,789
314,Way A,147.31,82,866
315,Treat Walk,210.38,139,43
316,Main Rule,423.9,171,370
317,Hot Short,112.34,483,907
318,Value Role,183.33,435,308
319,Analysis Media,121.57,203,173
320,Well Fall,195.11,6,948
321,Open Imagine,468.96,439,175
322,Also Language,462.97,241,979
323,Deal Matter,464.71,51,777
324,Region Teach,142.91,498,350
325,Expect Nothing,212.68,204,23
326,Ten Staff,214.18,156,494
327,Draw Century,361.62,191,722
328,Than Call,270.77,390,923
329,Thus Different,349.62,219,480
330,We Should,212.53,119,750
331,Car Type,122.25,472,935
332,Likely Collection,151.76,324,712
333,It Specific,494.1,452,948
334,Relate Year,76.5,159,313
335,Ahead Investment,452.34,118,770
336,Nor State,429.88,382,720
337,History Throughout,10.34,384,879
338,Small Court,379.86,484,197
339,New Participant,314.54,283,545
340,Agreement Forget,168.46,431,524
341,Police Left,240.31,300,649
342,Stop Natural,394.11,117,804
343,Population White,270.16,9,644
344,On Where,277.9,373,150
345,Article Yeah,120.06,223,821
346,Bad Fly,238.33,474,590
347,Firm Seven,445.49,58,261
348,Several Everyone,258.41,232,595
349,Yes Pull,271.59,330,534
350,Respond Bad,201.85,246,562
351,Exactly Design,390.74,226,59
352,Maybe Performance,266.69,234,915
353,Condition Cost,196.83,133,601
354,Student Media,292.09,106,597
355,Yard Term,8.79,15,143
356,Series Probably,324.83,427,858
357,Gun Word,72.08,139,920
358,Former South,244.08,300,14
359,Mission Natural,89.86,376,174
360,North Another,373.66,210,48
361,Ever Strong,20.18,266,307
362,If Election,6.63,412,402
363,None Read,417.18,167,523
364,Behavior Attack,345.9,303,180
365,Second Store,464.7,302,925
366,Arm Than,84.73,330,551
367,Upon Risk,308.76,361,674
368,Reduce Chair,400.25,449,879
369,Store Else,124.77,168,845
370,Pm After,145.31,77,20
371,Son Wrong,73.97,140,418
372,Military Head,344.08,189,213
373,Great It,425.11,144,782
374,Computer Produce,421.75,231,824
375,You Woman,351.96,92,252
376,Woman Source,6.76,81,434
377,Finally Between,321.04,258,307
378,Man Born,408.1,35,779
379,Along Necessary,30.22,181,820
380,Game Produce,226.66,389,595
381,Phone Cold,122.52,463,155
382,Case Follow,128.84,211,619
383,Focus Main,262.98,327,430
384,Indicate Sure,26.97,163,165
385,High Poor,97.74,273,465
386,Film Agree,112.66,325,759
387,Quality Himself,46.57,292,874
388,Give Level,354.49,324,47
389,Son Environmental,168.39,122,850
390,Open Mrs,184.67,160,117
391,Name Environmental,109.71,413,619
392,Another With,197.25,333,814
393,Actually Phone,394.01,70,115
394,Interest Coach,439.89,7,937
395,College Hospital,166.01,289,826
396,Apply See,74.6,374,615
397,Middle As,401.79,364,936
398,Water Social,133.99,455,873
399,Play Figure,240.47,269,287
400,Everyone Small,473.76,329,419
401,Leader Positive,82.73,196,189
402,Here Nation,396.91,162,806
403,Occur Business,375.25,31,677
404,Body Couple,460.2,200,179
405,Particular Year,224.75,181,698
406,Kind Set,128.78,26,158
407,Then Tax,389.55,263,327
408,Daughter List,192.54,232,596
409,Detail Risk,118.68,9,419
410,Wear Room,231.68,349,843
411,Firm Well,173.34,196,450
412,Participant Effort,65.84,47,796
413,Trial Whom,40.88,105,933
414,Audience Take,489.22,285,558
415,Particular Catch,179.02,59,144
416,Do Investment,140.19,461,720
417,They Attack,205.65,306,554
418,Like Mention,229.9,149,668
419,Race Deal,323.15,67,137
420,Of Either,497.0,141,390
421,Create Reach,164.45,433,303
422,Type Teach,444.51,8,406
423,See Eat,353.47,126,660
424,Finally Age,15.97,41,484
425,Somebody Culture,105.44,199,789
426,Study Like,230.21,54,527
427,None Pressure,425.76,332,696
428,Practice Condition,348.61,187,282
429,Despite Decision,461.95,288,914
430,Traditional Agreement,25.77,27,338
431,Serve Cup,494.14,412,473
432,Foot Imagine,494.59,384,995
433,Recently Example,490.08,312,738
434,Establish Last,318.24,104,978
435,Behavior Production,168.27,481,515
436,Represent Material,497.98,469,906
437,Near Act,179.33,480,123
438,That Mouth,249.74,213,488
439,Tonight Store,443.72,190,137
440,Operation Else,145.4,4,841
441,Walk Town,231.9,45,671
442,He Hotel,114.93,28,2
443,Guess Address,463.2,197,570
444,Watch Site,234.55,389,907
445,Million Charge,424.86,164,181
446,After Task,411.13,13,539
447,Happy Federal,10.62,451,888
448,Across After,53.19,316,134
449,Since Military,376.26,309,582
450,Interview Speech,179.05,105,852
451,Chair Himself,375.61,197,320
452,Subject Coach,85.64,427,422
453,Push Term,99.77,140,470
454,Local Skin,212.98,304,335
455,Rule He,53.34,329,136
456,Trade Occur,98.11,245,739
457,Dark Develop,436.3,242,928
458,Lot Guess,238.64,187,299
459,Forget Happy,279.02,333,858
460,Administration There,7.81,136,490
461,See Into,227.77,270,430
462,Occur Whose,13.44,73,882
463,Find Wait,479.21,20,116
464,Ready Share,88.35,443,38
465,Tax Although,124.48,181,288
466,Article Form,260.09,145,682
467,Wear Scene,101.3,205,502
468,Statement Administration,415.58,184,978
469,Mrs Able,339.21,410,309
470,Build Southern,101.43,297,799
471,Technology Someone,216.53,103,443
472,Positive Enjoy,151.09,115,922
473,Blue Him,131.81,154,496
474,Read Only,469.11,361,135
475,He Idea,81.23,388,208
476,Stay Congress,481.52,430,557
477,Assume Voice,268.33,380,976
478,Morning Stuff,76.87,248,700
479,Available Reason,438.92,141,950
480,Wind Set,56.27,21,66
481,Final Door,74.39,290,801
482,Show Leave,155.97,66,118
483,Main Still,70.16,88,633
484,Religious About,214.69,47,501
485,Draw Agree,20.88,235,752
486,Top Learn,437.59,124,407
487,Collection That,341.12,349,235
488,Head Receive,438.72,105,563
489,Born American,258.6,423,605
490,Eight Couple,257.31,299,710
491,Discussion Big,94.55,122,661
492,Much Make,179.65,277,989
493,Modern Short,212.59,248,94
494,Sort Material,291.39,86,141
495,Never Bit,364.87,289,656
496,Official Crime,7.12,455,724
497,Somebody Trouble,464.31,353,315
498,Front Provide,69.8,157,256
499,Early Put,422.79,313,334
500,Control Trial,161.17,166,516
501,Business Once,123.1,97,996
502,Address After,79.68,447,506
503,Same Father,486.88,36,229
504,Central Recognize,179.34,33,378
505,Population Face,123.49,388,340
506,Tree Option,266.41,345,655
507,Accept Example,384.56,487,733
508,Important Environmental,73.03,256,300
509,You Dream,386.35,330,409
510,American Election,136.25,132,932
511,Discover Star,479.7,282,94
512,Staff Wait,292.8,43,802
513,Black Argue,283.3,205,47
514,Product Street,106.55,138,610
515,Something Go,486.94,478,109
516,Something People,463.19,155,221
517,Help Finish,328.42,222,39
518,Away Response,403.73,460,985
519,Such Again,421.16,327,391
520,Human Military,223.57,350,120
521,Price Leg,179.95,245,315
522,Even Hear,426.88,422,368
523,Deep Theory,160.53,291,855
524,This Exist,139.95,51,296
525,Investment Let,190.0,476,767
526,Pm Method,5.9,174,128
527,Experience Prevent,324.41,426,846
528,Hospital Of,339.98,495,74
529,Approach War,310.88,181,82
530,Speech American,318.7,322,618
531,Mother End,274.22,98,748
532,Indeed Line,187.63,491,574
533,Gun Law,240.33,81,354
534,Argue Or,265.31,29,305
535,Collection Improve,313.81,377,491
536,Look Finally,221.74,139,411
537,Issue Decide,97.56,326,67
538,All Idea,279.81,257,701
539,Process Good,495.1,75,950
540,Concern Where,87.84,365,957
541,Newspaper Language,459.9,316,426
542,Money Current,328.18,15,619
543,Next Finish,123.82,29,686
544,For Book,206.78,490,941
545,Food Campaign,131.19,138,328
546,Institution Moment,70.67,319,150
547,Past Public,406.6,75,518
548,Everybody Actually,488.22,144,245
549,Third Artist,125.61,493,413
550,Owner Various,411.11,348,424
551,Someone Not,487.77,303,160
552,Write Increase,117.78,254,562
553,Well Rock,473.81,72,394
554,Mention Both,372.39,445,13
555,Him Read,404.51,346,766
556,Outside Their,148.21,106,895
557,When Author,267.36,239,929
558,Would Mention,214.21,214,997
559,Strategy Yes,37.89,334,343
560,Rate Any,471.46,373,970
561,Firm Better,11.26,248,780
562,Final Action,288.77,78,346
563,Process Administration,33.41,241,437
564,Again Team,438.62,137,524
565,Score Nice,213.31,163,56
566,Out Need,446.53,223,924
567,Simply Change,225.14,32,126
568,Back Clear,437.33,256,235
569,Suggest Say,394.3,251,532
570,Management Simply,135.19,156,908
571,Yet Ability,369.4,261,959
572,Measure Sing,16.13,3,478
573,Project Answer,390.63,352,656
574,Behind Politics,209.44,367,90
575,Office Item,358.83,172,854
576,Week Fish,202.91,310,94
577,Nor Possible,89.3,489,983
578,Way Event,59.22,393,29
579,Large Performance,395.25,354,886
580,Of Democrat,180.2,425,348
581,Technology Trouble,441.89,499,943
582,End Possible,305.57,329,733
583,Dark Meeting,31.21,353,152
584,Cost Walk,165.34,253,320
585,Because According,288.87,438,550
586,Take Purpose,187.06,361,989
587,Near Buy,437.94,437,657
588,Board Eye,352.26,400,889
589,Until Must,56.19,6,959
590,Pattern Represent,110.61,172,727
591,Material Reduce,168.96,90,100
592,Even Perhaps,152.4,17,306
593,Line Central,246.36,27,353
594,Read Nothing,263.05,194,346
595,Phone Teach,345.95,234,700
596,Firm Everyone,452.78,379,814
597,Language History,288.91,183,287
598,Look Win,232.78,415,677
599,Fine Order,373.85,124,316
600,Ask Know,335.02,73,718
601,Decision Agent,478.17,150,862
602,Movement Effort,243.66,110,236
603,Trip Somebody,434.2,106,422
604,Wind Return,261.74,308,421
605,Executive Sign,416.83,226,34
606,Anything Then,296.98,395,866
607,System Enter,90.02,418,661
608,Current However,494.15,159,545
609,Future Third,170.6,486,419
610,Believe Meeting,14.94,34,954
611,Rule Improve,471.49,32,140
612,Society What,408.46,326,432
613,Probably Method,466.15,153,777
614,Yes Get,87.89,106,966
615,Mother Many,209.91,23,516
616,Born World,239.02,465,215
617,Bit That,104.74,88,226
618,Commercial Environment,244.13,393,592
619,Later Exactly,446.44,355,282
620,Drug Gas,463.23,496,780
621,These Unit,443.69,312,770
622,Bill Risk,498.42,269,139
623,Food Away,147.41,280,800
624,Plan Edge,94.62,45,120
625,Recognize Card,283.52,370,691
626,Everyone Decade,433.87,336,686
627,Tough Difference,307.69,142,104
628,Individual Mind,41.55,129,425
629,Laugh Per,74.36,300,295
630,Evening Carry,264.53,33,974
631,Chance Future,381.74,474,103
632,Plan Go,334.79,329,358
633,Great Place,142.01,466,765
634,It Have,345.06,316,57
635,Forget Simple,377.02,258,615
636,Bag Who,315.05,236,825
637,Use Remain,357.37,204,382
638,Them Show,123.63,42,908
639,Main Coach,265.41,200,50
640,Morning Know,257.71,24,575
641,Tax Never,19.62,490,55
642,When Suggest,452.86,219,41
643,High Even,452.6,214,358
644,More Wind,102.88,240,126
645,Up Like,488.24,171,849
646,Way Again,321.33,75,197
647,Story Many,373.3,196,852
648,Threat Young,352.24,69,882
649,Produce Outside,52.24,113,212
650,One Blood,188.62,237,288
651,Region Nation,273.62,111,613
652,Use Need,102.85,462,416
653,Deal Need,210.41,480,961
654,Teacher Whole,131.11,59,169
655,Wonder Wonder,96.52,241,625
656,Foot Property,227.22,156,85
657,Friend Peace,434.09,471,609
658,Tax Magazine,373.12,426,856
659,National Concern,32.93,481,757
660,Case House,74.68,71,560
661,Ground Old,208.85,185,517
662,South Without,324.4,76,792
663,Approach Picture,158.92,182,752
664,Space Their,149.69,291,294
665,Style Happy,498.71,107,358
666,Occur Include,47.98,294,547
667,Easy Add,335.85,441,849
668,Effect Whether,146.99,70,530
669,Institution Question,227.91,329,667
670,Rich Traditional,375.52,204,592
671,Risk Believe,461.63,190,755
672,Sense Blood,354.9,172,78
673,Use Often,162.21,324,611
674,Serious Receive,497.12,200,348
675,Drop Grow,486.51,386,665
676,Employee Low,42.18,273,455
677,Large Me,315.11,192,740
678,Large Feeling,145.11,23,952
679,Wall Conference,56.96,447,404
680,Move Meeting,271.56,315,290
681,Cultural Network,361.13,453,414
682,Three Father,34.64,116,394
683,Organization Market,291.3,438,50
684,Consumer Themselves,75.36,3,39
685,Turn Provide,263.27,269,525
686,Shake World,57.46,20,151
687,General Need,493.98,282,294
688,Glass Stage,106.86,59,877
689,Since All,174.3,376,868
690,Practice Fund,61.68,164,338
691,Family Analysis,413.84,419,556
692,Describe Hit,172.66,172,284
693,Rule Reveal,414.64,164,994
694,Political Event,440.55,386,832
695,I Huge,481.47,445,848
696,Science Scientist,150.14,246,806
697,Event Put,189.16,60,685
698,Body Type,488.89,338,232
699,Meet Center,312.05,487,333
700,End Pick,449.34,407,229
701,Drug Stage,280.93,367,610
702,Man Feel,282.07,216,717
703,And Help,75.52,300,843
704,Describe Church,80.83,214,159
705,Matter Assume,303.04,461,546
706,Simple Newspaper,120.48,400,731
707,Official Interest,371.31,326,136
708,Soon Feel,116.11,435,970
709,How Method,94.5,374,651
710,Off Avoid,416.57,169,77
711,Sign According,310.27,414,957
712,Analysis Eye,493.12,368,247
713,Provide Challenge,196.71,390,973
714,Attorney For,85.9,129,407
715,Clear Until,102.55,385,831
716,Court Which,221.07,179,169
717,Couple Must,430.97,296,680
718,There Citizen,82.46,162,839
719,Area Less,254.63,289,838
720,Teach Space,129.85,182,160
721,Seat Assume,49.16,113,783
722,Now Top,215.33,41,206
723,Offer Population,192.36,80,997
724,Turn Difficult,270.47,475,155
725,Risk Performance,475.09,156,891
726,In Wall,223.05,329,99
727,Ask Next,62.88,80,593
728,Vote Current,448.21,53,305
729,Such Watch,85.02,297,621
730,Policy Box,104.97,62,292
731,Dinner Attention,192.7,189,159
732,Notice Election,206.11,84,924
733,Chance Dark,253.36,252,704
734,Lose Night,17.48,291,286
735,Statement Two,13.16,199,119
736,Room Note,427.98,134,36
737,Glass State,370.88,84,913
738,Network Song,234.79,471,828
739,Likely Particularly,32.53,83,123
740,Ten Better,198.51,432,228
741,Score Discussion,457.21,360,794
742,See Travel,402.4,55,294
743,Concern Nation,51.96,179,988
744,Wife Happy,286.1,55,29
745,Manager Doctor,475.92,395,923
746,Main Significant,312.25,78,152
747,Stop Beautiful,406.59,466,291
748,Quality Such,296.39,20,89
749,Save Style,229.24,374,460
750,Citizen Likely,14.86,149,753
751,Protect Process,38.6,361,647
752,Tough Girl,219.88,216,921
753,Go Woman,192.56,154,694
754,Understand Record,439.25,184,456
755,Hard Guess,261.91,206,282
756,Industry Party,226.45,45,306
757,Mean Under,126.22,392,471
758,Stock Draw,422.41,485,514
759,Media Answer,153.43,6,927
760,In Receive,47.36,77,945
761,Wrong Television,303.61,405,976
762,Society Century,265.44,443,772
763,Room Meeting,306.3,473,996
764,Your Building,329.88,396,588
765,Care Land,48.64,287,993
766,Catch Media,317.18,307,643
767,Human Heart,466.34,144,224
768,Start Teacher,262.36,258,249
769,Economy Enjoy,202.16,161,74
770,Modern Window,466.32,64,306
771,Such Service,167.51,357,704
772,Black Page,486.98,76,159
773,Side Whether,144.98,112,567
774,During Serve,88.18,429,966
775,The Theory,140.75,47,612
776,Role Care,116.19,59,135
777,Throw Ever,409.03,379,757
778,Another Figure,344.94,11,941
779,Program Best,272.83,439,353
780,Star Forward,414.65,268,409
781,Class Trade,106.08,273,501
782,Will Son,263.26,298,955
783,Federal Gun,136.25,454,511
784,Rest Everything,119.21,169,408
785,Watch Leave,266.93,440,727
786,Charge Information,40.82,283,944
787,Fast Case,236.54,387,365
788,Magazine Opportunity,217.71,278,648
789,Mention Job,174.0,230,783
790,Church Wind,95.16,103,760
791,Especially Spend,228.11,114,195
792,Factor Experience,91.09,97,141
793,Politics Fast,94.19,16,167
794,Least Receive,381.91,99,119
795,Base Me,352.94,13,8
796,Yes Think,105.63,220,718
797,Various Improve,11.71,18,715
798,Pretty Including,176.22,453,811
799,Growth Test,326.4,177,859
800,Move Tell,327.62,99,919
801,Practice Many,267.71,67,391
802,Detail Turn,198.7,225,117
803,Nation Network,179.66,433,228
804,Could Pressure,459.45,199,283
805,Green Scene,40.47,257,976
806,Matter Society,371.92,55,701
807,Stage Model,254.56,236,571
808,Card Above,280.87,136,155
809,Fish Determine,33.93,465,180
810,Smile Hair,75.97,71,909
811,Example Watch,30.7,99,186
812,Win Peace,110.47,387,94
813,If Only,224.75,376,740
814,Tend See,18.38,108,506
815,Finish None,101.04,368,378
816,Relationship Concern,346.39,124,233
817,Window Ball,479.22,117,424
818,Ten Address,420.94,71,76
819,Cost Push,183.09,294,515
820,Station Again,63.01,410,950
821,While Difference,397.78,346,911
822,Owner Leg,155.08,461,667
823,Politics Member,227.61,42,60
824,Current Evidence,224.43,329,616
825,Save Opportunity,406.68,198,636
826,Like Political,351.49,403,499
827,Compare Believe,53.72,467,390
828,Receive Concern,314.12,197,538
829,Thing Main,39.73,140,740
830,Whole Structure,376.02,119,145
831,Risk Whom,419.09,243,595
832,Personal Listen,496.68,351,630
833,Seat At,493.43,327,909
834,Human Least,94.41,179,123
835,Everyone Air,469.64,240,953
836,Event Population,365.74,309,571
837,Edge Capital,402.84,73,506
838,Market What,58.33,62,840
839,Thus Believe,195.01,19,424
840,Surface Single,405.69,244,846
841,Turn Seat,448.5,298,100
842,Trouble Law,185.46,256,828
843,Interest Score,60.49,32,69
844,Culture Against,280.49,418,34
845,Good Rather,147.98,373,419
846,Tell Detail,207.88,259,101
847,Single Each,330.9,31,825
848,Decide Arrive,416.7,174,281
849,Necessary Recent,261.6,216,111
850,Until Material,160.13,18,255
851,Risk Wide,463.61,483,837
852,Anyone There,221.25,13,149
853,Station Program,392.74,34,522
854,How Order,237.76,191,553
855,Lawyer Know,174.2,449,644
856,Professor Full,31.93,62,390
857,Present House,143.62,289,920
858,Can Recently,8.28,172,518
859,Discuss Chance,466.5,145,484
860,Into Generation,162.39,308,207
861,Science Never,260.3,422,730
862,Particularly Month,467.41,304,137
863,Customer Rich,249.5,319,711
864,Miss Meet,229.95,207,455
865,Positive Population,228.6,347,372
866,Kind Especially,350.26,305,664
867,Increase Do,110.55,321,852
868,Civil Understand,219.41,322,83
869,Write What,105.83,418,244
870,Free Card,143.79,284,70
871,Million Information,293.39,46,798
872,Start Full,357.31,379,84
873,Campaign Five,219.13,77,798
874,Surface Million,144.13,46,604
875,Exist Anything,7.08,381,675
876,Market Community,482.89,201,785
877,Tonight Leader,79.94,150,767
878,Light Writer,103.73,15,998
879,Attention Box,113.04,422,681
880,One Choice,286.04,443,203
881,Fight Share,497.24,449,717
882,Amount Right,72.75,156,50
883,Moment Almost,169.59,484,668
884,Fact College,370.25,112,496
885,Heavy Clearly,11.21,249,430
886,Music Tv,439.34,353,760
887,Up Together,89.43,393,940
888,Wear Law,465.88,225,922
889,Property Shake,68.65,135,58
890,Foreign Apply,17.31,160,167
891,Usually Ability,277.71,103,1
892,Garden Around,327.14,61,503
893,Necessary Up,60.75,301,233
894,Rate Change,396.87,181,414
895,Key Share,201.11,107,640
896,Page Talk,272.38,450,309
897,Join Financial,189.97,485,837
898,After Decision,236.28,236,839
899,Medical Painting,205.11,407,251
900,Ready Unit,27.22,68,966
901,Should Action,353.44,90,540
902,Agency Address,340.17,448,962
903,Forward Hold,455.86,116,642
904,Lay Camera,401.12,153,96
905,Technology Power,317.85,473,859
906,Account Quite,147.89,407,586
907,Benefit Player,110.88,186,4
908,Whose Political,192.76,451,37
909,Society Total,81.33,404,348
910,Break Someone,492.62,140,270
911,Air Ability,362.88,463,662
912,Threat Yet,439.05,244,306
913,Student Yeah,73.11,422,873
914,Billion Argue,392.85,483,664
915,Nation Rich,326.8,74,111
916,Expect Since,331.42,225,502
917,Quality Nature,448.42,165,238
918,Camera Program,435.9,330,942
919,Work Remember,373.61,288,696
920,Side Certain,182.49,114,376
921,For Require,79.16,185,698
922,Day Rock,61.35,267,220
923,Answer Mouth,338.54,190,763
924,Develop Better,265.76,431,949
925,Foot Suffer,226.75,323,768
926,Small Site,395.48,186,998
927,Class Go,488.77,377,236
928,Business Adult,88.87,372,543
929,Clear Identify,136.17,403,196
930,Dinner Start,427.61,115,559
931,Thus Able,248.86,92,628
932,Area Class,431.46,464,896
933,Front Some,166.22,369,958
934,National Threat,292.46,229,305
935,Charge Board,137.65,437,640
936,Several Manager,479.8,128,876
937,Top High,455.74,272,543
938,Manage Ok,337.0,75,634
939,Less Feeling,342.44,82,971
940,Dinner Foot,187.58,293,171
941,Analysis Case,371.76,203,659
942,Authority Let,360.32,368,385
943,Fight Feel,133.82,270,711
944,Girl Nice,336.31,302,6
945,Generation Career,352.02,242,232
946,Herself Purpose,157.12,185,292
947,Especially No,93.94,120,967
948,Policy Now,361.43,193,478
949,Art Certainly,35.94,476,109
950,Example Activity,256.28,448,834
951,Own He,314.03,361,185
952,Who Draw,129.12,458,27
953,Price Your,65.87,391,573
954,Yet Before,435.99,170,594
955,Never Change,349.66,344,77
956,Month Success,256.03,350,999
957,Require Civil,127.13,251,145
958,For Animal,253.46,222,82
959,Individual Its,34.4,476,681
960,More Candidate,335.12,142,135
961,Six Down,294.9,144,618
962,Entire Whom,341.83,302,782
963,Both Address,465.89,79,887
964,For Agree,300.57,108,940
965,Cup Eye,131.62,234,464
966,Century Blue,263.62,411,554
967,Now Range,107.57,52,763
968,Police I,95.66,474,774
969,Woman Property,150.24,195,414
970,Knowledge Risk,21.59,45,397
971,Food Hotel,230.23,334,349
972,Mission Already,76.68,373,44
973,Us Know,263.47,363,480
974,Even Yet,32.36,76,749
975,Capital Fact,381.74,393,687
976,Role Home,316.51,27,641
977,Apply Part,140.8,372,624
978,Truth Ready,199.26,64,104
979,Early One,138.32,440,606
980,College Recent,99.92,17,88
981,Value Some,155.14,454,512
982,On Onto,437.96,227,554
983,Some Direction,288.32,273,233
984,If Throw,277.92,140,212
985,While Within,378.36,406,748
986,Site At,67.87,317,729
987,Whole Recognize,117.9,194,733
988,Now Join,246.59,497,154
989,Like Much,36.32,76,977
990,Within Tax,33.91,374,349
991,Remember His,220.67,437,469
992,West Strategy,55.44,102,773
993,Coach Level,23.54,228,757
994,Budget Glass,334.05,304,606
995,Best Research,41.04,380,354
996,Child Another,213.56,199,796
997,Network Charge,410.28,104,10
998,Mr Particularly,300.67,163,355
999,Grow Become,69.29,393,396
1000,Send Degree,315.58,426,952
1001,Magazine News,127.32,54,968
1002,Mother Matter,308.02,100,946
1003,Hot Authority,129.21,18,280
1004,Place Reality,451.95,284,968
1005,Your Rate,49.86,299,841
1006,Still Resource,111.99,103,132
1007,Around Quite,246.69,154,42
1008,By Crime,83.09,336,134
1009,So Card,133.55,151,883
1010,Oil For,97.19,426,814
1011,American Campaign,113.94,365,524
1012,Green Save,195.42,478,51
1013,Necessary Attorney,431.6,236,357
1014,Between Always,120.44,497,671
1015,Interview Make,379.86,324,638
1016,Lay Pm,484.93,138,674
1017,Face Specific,176.22,102,62
1018,Stock Property,175.14,81,535
1019,Everything Own,263.1,244,133
1020,Particular Story,80.35,374,877
1021,Cut Month,237.27,296,941
1022,These Positive,455.0,465,923
1023,Their His,413.12,297,231
1024,Bill Determine,179.8,312,88
1025,Education Individual,240.23,192,229
1026,When Myself,219.32,217,972
1027,Clearly Model,16.93,76,569
1028,Safe Away,272.83,294,840
1029,Agree Car,413.73,394,683
1030,Huge Anyone,148.2,103,178
1031,Everything Baby,324.39,180,422
1032,Set Hotel,473.13,27,834
1033,Everybody All,276.95,148,179
1034,Bag Tax,15.77,220,968
1035,Since Social,346.44,494,586
1036,Tough Herself,495.41,401,686
1037,Hotel Operation,103.07,363,846
1038,Enough Month,237.22,30,274
1039,Star Up,290.26,384,149
1040,Suddenly Quickly,221.14,420,914
1041,Bar Design,330.16,260,138
1042,Mr Go,201.91,166,794
1043,Democrat Current,346.61,41,229
1044,Citizen Think,333.94,380,811
1045,Page Song,376.19,33,176
1046,Industry Under,113.74,388,991
1047,Daughter Office,7.22,316,12
1048,Partner Eight,299.95,125,297
1049,Thousand Play,243.23,29,206
1050,Name Station,90.6,308,457
1051,Eat Owner,309.02,17,129
1052,Clearly South,363.59,460,421
1053,Bed Gun,24.89,13,294
1054,Born Keep,347.83,139,83
1055,Mrs Strategy,390.0,118,181
1056,Peace Or,69.08,463,651
1057,Case Draw,344.17,491,253
1058,Board Partner,477.12,281,271
1059,Onto Peace,81.86,359,837
1060,Claim You,209.11,449,356
1061,South Medical,229.28,56,814
1062,Campaign None,318.1,101,616
1063,Happen Item,250.67,25,505
1064,Throughout News,475.04,304,946
1065,Nature Sense,406.71,54,912
1066,Each Theory,119.72,281,475
1067,Treat Home,423.61,300,185
1068,Over Much,183.06,368,269
1069,In Day,90.48,328,315
1070,Fall Pass,62.54,358,603
1071,Later Agreement,430.36,168,227
1072,Could Media,455.38,52,924
1073,Body Low,81.66,398,694
1074,Always Game,219.96,489,458
1075,Food Chair,282.46,463,294
1076,Job Be,444.76,414,518
1077,Set Year,278.11,33,537
1078,Already Democratic,132.36,38,954
1079,Physical Consider,352.21,302,136
1080,Walk Play,260.73,158,396
1081,Event Imagine,170.31,96,756
1082,Know Third,177.61,105,348
1083,High Decision,167.75,468,967
1084,Deal Baby,410.62,208,907
1085,Experience Relationship,17.1,114,44
1086,Since On,249.92,354,620
1087,Indeed As,455.04,447,546
1088,Audience Open,388.23,357,526
1089,Account Friend,395.64,386,118
1090,Garden Full,57.68,2,236
1091,Party Politics,376.71,124,895
1092,Lay Thought,130.26,164,968
1093,Rate Feel,34.3,468,805
1094,Fast Million,37.6,399,684
1095,Which Book,380.35,86,106
1096,Make Medical,106.04,33,77
1097,Agreement How,166.1,240,452
1098,Phone Law,25.73,57,898
1099,State Remain,268.48,72,439
1100,Increase Throw,120.23,303,15
1101,Job Rate,335.91,376,659
1102,Reality Some,467.94,458,727
1103,Weight Might,398.29,22,589
1104,Now Better,303.79,433,431
1105,Happy Try,306.47,178,570
1106,Source Drop,22.29,231,962
1107,His Firm,303.41,480,357
1108,Wear Year,449.49,194,622
1109,Member Sister,332.13,255,128
1110,Heavy Paper,490.52,155,235
1111,Build Class,244.18,482,244
1112,Attorney Perform,317.9,460,536
1113,Chance President,279.96,110,439
1114,Hotel Out,204.87,221,323
1115,Support Grow,387.15,276,115
1116,Project After,155.3,227,714
1117,True Understand,301.8,188,225
1118,Record Meeting,155.23,253,234
1119,Director Author,377.24,260,878
1120,Television Here,86.71,424,98
1121,Position From,438.57,467,291
1122,Indeed Evidence,116.63,427,424
1123,May Develop,274.64,29,299
1124,Medical Interview,256.05,415,119
1125,The None,30.76,80,808
1126,Involve Majority,113.32,4,923
1127,Entire Instead,183.42,143,68
1128,Involve Woman,9.09,470,558
1129,Note Too,477.95,249,698
1130,Heavy Remember,308.19,397,111
1131,Voice Where,24.08,245,75
1132,Simply Far,225.85,392,17
1133,Music Everyone,58.37,106,80
1134,Home Instead,425.72,326,379
1135,Another Affect,380.02,458,981
1136,Behavior Father,272.04,441,427
1137,Deal Eye,182.02,58,902
1138,Trial Worker,264.76,158,673
1139,Maintain Bag,368.08,198,625
1140,Kind Season,256.7,363,151
1141,Various Law,384.53,78,210
1142,Coach Would,46.31,143,275
1143,Test Now,424.72,217,58
1144,Respond Soon,454.61,57,386
1145,Scientist Role,388.65,63,264
1146,Experience Guess,288.76,39,218
1147,Entire Decision,235.45,451,859
1148,Thus Story,85.04,466,920
1149,World Politics,20.74,325,709
1150,Cup Pattern,215.39,196,66
1151,Many Every,333.9,318,204
1152,Fish Look,164.0,442,555
1153,Seem Anything,109.8,168,593
1154,Difficult Sing,414.59,334,385
1155,Account Last,96.29,289,594
1156,Per Color,20.75,185,570
1157,Spring Space,110.27,347,679
1158,Actually Issue,446.81,256,882
1159,Almost Almost,114.43,157,821
1160,Fire Point,90.45,89,698
1161,Simple Read,7.38,446,245
1162,Son Myself,378.15,193,184
1163,Adult Long,387.93,150,730
1164,Social Cup,484.29,131,89
1165,Past Seven,253.78,171,123
1166,Quickly Example,212.61,281,669
1167,Less Face,255.74,334,327
1168,Suffer Water,474.13,11,439
1169,Leg Rise,497.92,277,267
1170,Police Town,82.76,346,729
1171,Walk Generation,265.24,262,539
1172,Century Now,379.12,335,55
1173,Site Leader,491.87,476,243
1174,Life Product,170.28,388,782
1175,Environment Event,226.18,133,144
1176,Family Else,50.69,33,198
1177,Great Card,192.45,70,358
1178,Wall Good,454.32,458,39
1179,Check Relationship,424.1,180,71
1180,Whether Color,68.9,480,300
1181,So Baby,127.99,478,113
1182,Yourself Reduce,287.16,196,122
1183,Security Reality,283.51,46,529
1184,Design Everyone,434.47,41,941
1185,Son True,258.48,293,787
1186,Range Significant,479.69,173,551
1187,It Big,108.82,269,836
1188,Thousand Outside,335.85,321,143
1189,Day Democratic,250.16,93,840
1190,Exist Have,53.79,285,301
1191,Then Instead,352.07,300,193
1192,Soldier Hot,441.61,305,621
1193,Themselves Blood,476.52,303,875
1194,Speak As,369.01,318,841
1195,Physical Special,409.91,419,82
1196,Card Not,371.96,347,887
1197,Budget Stop,412.22,336,242
1198,Understand Operation,17.6,35,391
1199,Religious Ten,297.07,417,610
1200,Church Marriage,195.61,89,822
1201,City Entire,327.8,36,851
1202,Computer Crime,232.0,444,835
1203,Prepare Unit,219.97,265,776
1204,Newspaper Top,234.24,126,11
1205,Worry Foreign,227.33,108,542
1206,Least Natural,10.64,123,387
1207,Something Simply,15.15,306,980
1208,Impact Charge,169.98,353,227
1209,Idea Possible,154.04,310,400
1210,Matter Up,242.42,39,315
1211,Spend Owner,31.46,28,803
1212,Which Just,262.27,292,278
1213,Bit System,130.54,435,455
1214,Process No,425.89,494,70
1215,Arrive Partner,241.44,422,425
1216,Employee Put,447.04,311,726
1217,Entire Operation,195.93,362,966
1218,Century Wonder,55.55,407,293
1219,Most Knowledge,170.86,83,197
1220,Dark Art,365.55,325,623
1221,Unit Country,419.64,9,282
1222,Throughout Turn,270.91,170,313
1223,Season Smile,125.81,245,584
1224,Inside Scientist,336.97,88,730
1225,Series Evidence,287.94,98,841
1226,Travel Travel,413.7,165,697
1227,Evidence Note,494.42,418,9
1228,Open Card,498.65,499,558
1229,Concern Wish,436.68,10,601
1230,Art Letter,405.75,175,280
1231,Father Performance,370.17,112,915
1232,Plan Mission,298.03,171,661
1233,Dog Trip,249.64,241,828
1234,Born Cover,394.87,478,59
1235,Simple Lawyer,198.29,49,312
1236,With Chance,276.6,395,247
1237,Star Near,431.06,352,795
1238,Under Travel,334.56,393,397
1239,Entire I,289.82,83,808
1240,Their Two,360.35,191,733
1241,Continue Glass,381.92,156,809
1242,Fall Action,497.38,485,40
1243,Up Fight,440.87,224,285
1244,Section Majority,483.14,315,690
1245,Sell All,411.75,108,925
1246,Study Long,43.03,406,585
1247,Spring Wind,145.37,106,82
1248,Detail Pattern,177.32,484,84
1249,Above Talk,196.59,87,101
1250,Increase Speech,290.11,500,57
1251,Personal Reduce,233.18,299,382
1252,Conference And,80.22,113,975
1253,Project Get,470.33,296,432
1254,Baby Old,356.7,491,536
1255,Window Wonder,99.82,315,793
1256,Style Add,363.0,325,202
1257,Consumer Then,380.37,269,834
1258,Budget Much,192.14,264,520
1259,Candidate Bit,423.48,284,551
1260,Join Piece,64.03,367,876
1261,Start Gun,499.13,293,504
1262,Relationship Improve,439.9,277,521
1263,Every Voice,459.89,258,955
1264,Federal Effect,39.14,160,277
1265,Share Book,152.64,415,128
1266,Conference Walk,276.77,218,220
1267,Light Value,154.31,1,530
1268,House Attention,61.32,208,812
1269,Send Position,62.54,168,168
1270,Live Involve,151.48,242,732
1271,Enjoy Policy,49.65,402,841
1272,Matter Cover,433.31,47,845
1273,Measure Pattern,328.04,292,945
1274,Detail Listen,461.09,350,651
1275,Ahead Risk,433.59,220,842
1276,Between Now,136.54,357,166
1277,Structure Garden,301.24,339,220
1278,Product Sound,454.27,151,260
1279,Mrs Oil,366.18,479,780
1280,Month Wife,128.09,30,60
1281,Act Often,252.78,14,142
1282,Agree Reduce,162.94,130,136
1283,Talk Clear,227.03,154,548
1284,Sometimes Past,189.94,446,166
1285,End Reveal,147.41,49,308
1286,Machine Other,427.51,368,979
1287,Property Lead,384.31,136,4
1288,Important Hotel,26.11,193,271
1289,Attorney Four,190.34,436,422
1290,Set Our,400.3,450,183
1291,Land Agency,316.52,138,269
1292,Model Prove,303.91,155,930
1293,Realize Include,31.97,27,245
1294,Herself Most,159.37,255,252
1295,Kind Teach,177.69,312,45
1296,Anyone Parent,343.22,331,819
1297,Relationship Life,204.62,384,137
1298,Few Guy,371.11,80,108
1299,Far South,396.31,399,261
1300,Possible Continue,69.69,294,332
1301,Really Forget,280.61,358,462
1302,Mention Far,371.26,399,475
1303,Cover Blood,158.67,247,898
1304,Myself Action,491.22,30,413
1305,Kid Example,174.75,401,446
1306,Run Successful,412.54,330,632
1307,Since Card,29.95,450,463
1308,Usually Involve,349.47,176,842
1309,Various Name,176.8,472,247
1310,Clear Office,368.67,308,833
1311,Simple End,497.45,376,61
1312,Approach Never,164.07,245,832
1313,Among Trial,357.53,158,418
1314,Go Assume,58.11,376,722
1315,Worker Itself,463.41,265,223
1316,Her Evening,287.6,438,896
1317,Especially Write,460.61,97,852
1318,Score Vote,451.71,158,853
1319,These Hospital,408.45,447,174
1320,Who Public,242.12,221,325
1321,Interview Right,288.76,430,810
1322,Seek Doctor,476.03,197,84
1323,Ready Specific,482.55,77,139
1324,Conference Mouth,377.06,421,931
1325,Popular Responsibility,34.38,473,914
1326,Usually Question,51.34,497,309
1327,Must Success,460.84,454,422
1328,Song Until,426.07,249,167
1329,Ten Return,200.02,149,141
1330,Law Economic,400.58,455,158
1331,Performance Stay,66.99,475,796
1332,Station Very,410.21,482,58
1333,Break Social,62.22,397,146
1334,Fly Amount,223.44,151,969
1335,Assume Level,412.56,169,827
1336,Need Instead,193.25,142,123
1337,Stuff Oil,39.72,339,916
1338,Of Interesting,459.93,218,753
1339,Without Including,108.59,167,533
1340,Partner Tree,74.03,490,102
1341,Moment Again,310.15,419,848
1342,Remember Hand,52.35,476,677
1343,Wish Hour,396.59,373,542
1344,Reflect Small,450.38,3,630
1345,Once Back,373.71,441,659
1346,Couple Democrat,211.93,43,959
1347,Every Meet,21.66,52,905
1348,Lose Family,405.98,293,37
1349,Manage Wonder,313.17,223,832
1350,As Under,395.37,142,821
1351,Science Total,199.43,28,658
1352,High Vote,182.9,125,458
1353,Deep Thank,281.44,406,744
1354,Wife Ahead,332.78,464,141
1355,If Recognize,355.91,282,738
1356,His Camera,72.51,359,934
1357,Rich Major,371.65,405,789
1358,National Man,189.53,415,227
1359,Down Gas,217.51,52,720
1360,Door Room,206.08,340,670
1361,Full Economic,278.48,291,191
1362,President Base,397.26,11,616
1363,Fly Support,385.08,38,981
1364,Daughter May,458.12,40,587
1365,Government Put,464.78,233,289
1366,Player Little,404.29,282,645
1367,Hospital Building,286.78,451,101
1368,Need Make,370.66,341,342
1369,Final Want,402.25,54,513
1370,Offer Old,283.72,202,424
1371,Firm Clearly,10.05,32,883
1372,Attention Third,155.18,275,750
1373,Let Friend,125.18,377,837
1374,Camera Worry,128.19,475,553
1375,Whom Risk,148.45,421,726
1376,Indeed It,442.82,161,789
1377,Behavior Consumer,89.52,341,506
1378,Society Rich,161.46,225,263
1379,Front Open,70.84,478,342
1380,Morning Institution,109.91,439,855
1381,Face Nation,217.73,322,40
1382,Center Per,437.62,464,324
1383,Issue Air,248.07,345,218
1384,Who Forward,37.74,450,853
1385,Past Pay,133.8,347,872
1386,Simple Life,81.38,286,23
1387,Or Break,265.61,85,882
1388,Important Contain,218.68,108,76
1389,To Difficult,449.7,287,100
1390,Rock Wide,490.08,448,696
1391,Clear Fear,38.95,353,286
1392,Popular Glass,218.33,347,937
1393,Chair Between,177.94,199,732
1394,What Degree,335.04,104,909
1395,Bank Office,263.9,293,49
1396,Thousand Film,301.47,52,376
1397,School Authority,333.76,274,997
1398,Day Perhaps,385.23,459,698
1399,Career Check,487.13,29,948
1400,Own Role,67.52,91,128
1401,Agency Rate,161.49,126,22
1402,Forward Continue,431.62,374,858
1403,Fire Sign,277.11,186,952
1404,Today National,492.78,27,468
1405,Candidate Remember,346.53,16,422
1406,Color Necessary,189.05,415,908
1407,Business Woman,368.5,326,322
1408,He Development,369.83,377,84
1409,What Shoulder,471.6,191,427
1410,Speak Practice,280.51,186,560
1411,Opportunity Government,220.26,291,317
1412,Close Set,113.08,349,256
1413,Many Picture,22.76,123,423
1414,Left They,47.6,383,735
1415,Movement Young,26.61,294,428
1416,Research Maintain,222.08,312,551
1417,Institution Debate,472.41,488,524
1418,Forget Its,192.5,170,206
1419,Interview Indicate,384.35,133,364
1420,Return Force,180.24,305,865
1421,Drug Year,363.81,224,596
1422,Room Black,36.43,213,325
1423,Worker Former,183.96,261,634
1424,Explain Forget,335.16,492,965
1425,Hard Front,259.43,325,623
1426,Return Finish,422.98,437,759
1427,Magazine Pay,206.46,302,972
1428,Exist Song,378.86,293,277
1429,Significant White,133.04,335,172
1430,Hard Lose,483.85,407,420
1431,Political Really,49.32,79,167
1432,Economy Movie,359.76,2,827
1433,Car Summer,212.66,196,82
1434,Throw Bar,30.46,301,984
1435,Fly Argue,424.27,51,480
1436,His Week,429.51,419,575
1437,Become He,477.42,98,438
1438,Use Threat,254.7,323,901
1439,Likely Team,475.33,87,78
1440,Of Computer,115.82,287,553
1441,Eat Line,286.68,407,684
1442,Reduce Through,491.91,401,747
1443,Success Important,447.95,315,815
1444,Fear I,245.14,305,343
1445,Decide Million,248.0,153,961
1446,Hit Though,417.5,120,591
1447,Second Capital,204.4,399,878
1448,Foot Staff,98.54,3,743
1449,Cause High,80.68,100,713
1450,Street Above,304.84,479,55
1451,Old Such,218.07,372,482
1452,Process Firm,80.45,424,295
1453,Interest Day,28.32,34,917
1454,Whom Safe,270.27,166,770
1455,They Left,396.61,242,489
1456,Necessary My,259.69,243,337
1457,Better Own,374.65,397,112
1458,Identify Pattern,259.39,359,836
1459,New Garden,52.11,285,544
1460,Knowledge Amount,407.94,351,132
1461,Town Pretty,157.22,115,82
1462,Significant Hear,103.9,444,962
1463,Role Force,485.27,223,692
1464,Important Concern,131.58,468,350
1465,Picture Remain,341.47,384,489
1466,Group National,87.42,316,11
1467,Meeting Blood,157.85,111,690
1468,Sport Meet,374.21,138,798
1469,White Nature,40.65,472,964
1470,Others Strong,84.6,236,364
1471,Be System,175.02,372,63
1472,Because Though,370.5,322,912
1473,Give Spend,69.84,416,454
1474,Green Series,136.87,200,794
1475,Possible Drop,125.33,462,387
1476,Establish Line,151.42,73,135
1477,Particularly Once,402.95,475,186
1478,Everything More,126.87,280,281
1479,Science Themselves,291.15,131,930
1480,Decade Truth,66.3,18,921
1481,City Among,267.86,231,173
1482,Yet Detail,347.12,254,229
1483,Cultural Culture,133.75,337,962
1484,Agent Image,220.65,184,53
1485,Arm Research,56.0,381,358
1486,Middle A,26.78,158,180
1487,Art Firm,479.93,298,49
1488,Our Sit,147.53,385,850
1489,Design Partner,449.84,307,487
1490,Green Whom,195.38,436,824
1491,Ago Fall,127.96,223,888
1492,Again Feeling,298.42,51,633
1493,Music They,309.28,302,88
1494,Participant Recent,122.11,266,47
1495,Election My,426.74,83,298
1496,Voice Color,381.84,104,495
1497,Argue Use,62.61,69,716
1498,As Stage,185.52,337,104
1499,Positive Value,200.27,244,628
1500,Member Change,273.75,446,297
1501,End Politics,144.7,128,244
1502,Tv Decade,416.93,286,623
1503,Clearly Someone,145.95,33,485
1504,Chair Central,173.69,155,815
1505,Create Plan,244.98,45,712
1506,Guy While,482.75,34,145
1507,Skin Computer,301.08,421,916
1508,Some First,317.09,440,786
1509,Anyone Over,180.27,15,872
1510,Many Tend,422.13,194,99
1511,Reason Prepare,135.52,100,326
1512,Industry Firm,29.16,148,345
1513,Although Phone,108.78,197,734
1514,Whatever Full,273.38,190,857
1515,Serious Range,129.33,223,267
1516,Understand Cover,182.68,338,946
1517,Talk Sure,109.39,336,990
1518,Through Key,375.71,50,96
1519,Family Size,489.97,63,195
1520,Source Who,130.71,407,72
1521,Clear Suffer,374.95,46,824
1522,Mission Bag,6.61,103,794
1523,Guy Soon,471.17,452,455
1524,Knowledge Trip,169.8,103,605
1525,None Chance,180.95,99,10
1526,History By,406.27,402,836
1527,Open Impact,486.46,359,657
1528,Hand Industry,95.76,450,315
1529,His Theory,155.17,278,119
1530,Identify Adult,299.66,191,156
1531,Memory Wonder,290.67,384,518
1532,Minute Hair,56.68,494,584
1533,Sometimes Federal,267.76,71,53
1534,Capital Until,123.34,286,65
1535,Rest Medical,470.66,444,622
1536,Develop Fish,75.7,325,978
1537,Night Process,222.54,395,877
1538,Represent Happen,66.83,287,454
1539,Middle Central,427.98,227,61
1540,Toward Effect,310.65,309,800
1541,Age Specific,302.67,183,698
1542,Coach Run,257.86,339,242
1543,Send Perhaps,48.98,66,846
1544,East Million,434.55,484,189
1545,System Action,376.3,83,802
1546,Approach Feel,190.86,233,61
1547,Allow Analysis,361.37,294,746
1548,That Budget,322.38,76,291
1549,Visit Movement,395.82,64,717
1550,Environment Bit,172.82,234,910
1551,Investment Large,172.42,5,236
1552,Head Evening,163.81,313,32
1553,Night Food,246.01,189,110
1554,White Throw,29.16,40,599
1555,Mind Material,464.68,450,66
1556,Heavy Reason,495.41,115,614
1557,Throughout Enjoy,384.32,293,965
1558,Although Whose,370.34,456,678
1559,Him Moment,25.94,5,55
1560,Light Always,132.6,289,218
1561,Increase Some,243.08,1,744
1562,Ahead Late,136.88,311,450
1563,Fast Truth,164.09,75,182
1564,Knowledge Big,118.38,457,179
1565,Sing Also,370.03,83,97
1566,Remember Yet,109.0,389,263
1567,Recently Physical,318.48,178,441
1568,Mrs Believe,238.21,211,797
1569,Remember Power,305.01,313,6
1570,Interesting Hit,252.9,91,975
1571,Whose Others,396.93,12,237
1572,Say Ever,461.93,162,720
1573,Likely Set,379.57,140,919
1574,Woman Lawyer,366.91,46,130
1575,Professional By,173.58,153,22
1576,Court Yes,178.77,127,463
1577,Something Evidence,143.02,242,617
1578,Gas Choice,85.8,203,587
1579,Down Art,80.54,303,348
1580,Participant Design,122.03,242,523
1581,Side Describe,105.96,45,751
1582,Official Subject,166.26,369,748
1583,Past However,423.8,338,26
1584,Attention Environmental,374.91,23,22
1585,Between Prevent,210.83,266,871
1586,That Natural,285.01,270,498
1587,Their Upon,140.76,101,435
1588,Phone Up,380.82,43,107
1589,Determine Local,413.76,459,773
1590,Structure Brother,482.28,444,619
1591,Standard Reason,445.8,357,920
1592,Card Who,31.45,170,244
1593,Teacher Should,413.85,62,68
1594,Under Nature,41.33,219,397
1595,Take Your,404.72,361,325
1596,Study Sit,442.66,443,992
1597,Stock Because,398.93,320,441
1598,Conference Leg,464.32,188,721
1599,Little Soldier,446.59,264,484
1600,Form Garden,11.45,485,469
1601,Finish Tv,340.92,368,604
1602,Purpose Congress,232.84,185,873
1603,Fund Alone,196.66,270,891
1604,Become Year,440.26,57,544
1605,Return Our,175.56,208,375
1606,Fast Beautiful,47.52,396,954
1607,Least Find,394.44,490,951
1608,Lot Human,269.7,398,77
1609,Respond Item,154.67,224,966
1610,Long Cup,459.82,318,364
1611,Which Have,121.22,313,77
1612,Off By,423.03,211,502
1613,Assume Positive,291.34,30,731
1614,Prepare Main,9.5,119,305
1615,Leader Tv,316.75,195,292
1616,Fight Never,286.65,54,532
1617,Father Leader,166.74,380,703
1618,White Foreign,46.23,392,203
1619,Computer Great,489.86,58,348
1620,Senior Her,465.47,439,603
1621,Wrong National,370.28,438,642
1622,Fund International,27.21,422,563
1623,Four Class,473.24,91,857
1624,After Rich,37.8,250,473
1625,During Memory,454.69,15,579
1626,Small Source,461.14,162,597
1627,Whom Sit,210.3,68,535
1628,Lay Different,166.62,352,560
1629,Treat To,204.01,161,577
1630,Seem Modern,145.07,441,648
1631,Girl Choice,269.01,159,101
1632,Work Style,240.22,251,140
1633,End Everyone,284.56,271,271
1634,Note Each,168.99,357,116
1635,On Call,425.24,209,673
1636,Century Agree,195.6,124,115
1637,Hand On,177.53,43,735
1638,Growth Begin,228.94,278,21
1639,Democrat Know,265.44,211,693
1640,Analysis Budget,231.55,172,762
1641,Authority Health,301.94,434,702
1642,Minute North,334.99,242,901
1643,Call Just,372.65,402,102
1644,Project A,101.51,484,400
1645,Later Record,254.9,373,359
1646,Yes Provide,200.81,195,961
1647,Should Organization,271.33,84,553
1648,Direction Before,72.4,36,568
1649,And Phone,173.51,216,16
1650,Explain Trouble,479.62,220,741
1651,Base Several,109.27,228,876
1652,Conference Size,234.99,436,875
1653,Personal Former,207.14,68,368
1654,Choose Else,123.43,7,733
1655,Responsibility Type,220.85,362,60
1656,Offer Young,425.93,417,884
1657,Goal Administration,258.51,36,7
1658,Bar Fill,381.95,274,57
1659,Certain Ahead,172.52,325,988
1660,Husband Place,387.25,202,316
1661,Serious Reveal,235.46,178,819
1662,Work Leader,268.74,53,31
1663,Ground Smile,119.47,209,866
1664,Both Just,246.4,339,33
1665,Rule As,401.86,445,475
1666,Fast Role,58.45,476,474
1667,Draw Hundred,367.11,396,469
1668,Political College,173.93,126,606
1669,Live Truth,209.12,225,144
1670,Learn Another,148.48,286,543
1671,Week Game,64.27,44,598
1672,Go Rest,60.59,229,438
1673,Include Want,83.11,196,336
1674,Suggest Condition,152.55,238,250
1675,Other Friend,248.18,78,615
1676,Individual Feeling,92.14,130,473
1677,Employee Cultural,480.24,335,141
1678,Bar Step,96.71,386,633
1679,Society Must,89.73,341,342
1680,Hope Hand,249.67,496,433
1681,Six Do,470.39,167,26
1682,Necessary Interest,200.9,275,889
1683,Us Real,169.93,456,874
1684,Relationship Something,487.03,434,338
1685,Where Easy,205.76,212,79
1686,Cost Assume,269.16,68,178
1687,Read Create,72.16,499,736
1688,Tv Quickly,31.33,13,991
1689,Write Would,179.81,464,106
1690,Simply Fire,58.66,222,453
1691,Wrong Religious,124.75,294,744
1692,Final Ability,417.41,299,880
1693,Attack Task,265.94,250,561
1694,These Agency,240.9,470,600
1695,Risk He,433.95,55,738
1696,Tax Also,158.98,71,862
1697,Near Some,409.72,256,447
1698,Last While,22.83,358,665
1699,North Little,365.1,341,772
1700,Impact Recognize,45.34,209,402
1701,Move Black,166.1,192,960
1702,Big Fast,82.5,223,748
1703,Pay Necessary,165.53,345,863
1704,Such Wear,341.71,456,465
1705,Position Sell,322.13,481,26
1706,Despite Trial,103.8,192,638
1707,With Hospital,77.31,174,878
1708,Decide Home,192.94,350,143
1709,Us Particularly,272.35,1,779
1710,Race Full,136.11,304,134
1711,Per Own,140.1,256,624
1712,Account Chair,94.74,184,393
1713,Good Trouble,417.8,370,410
1714,Organization Clear,139.26,277,167
1715,As Hand,313.32,24,100
1716,Involve Indicate,379.14,213,495
1717,Itself Practice,220.98,151,983
1718,Together Work,299.56,389,12
1719,Figure Role,457.07,142,869
1720,Three Rock,432.73,303,192
1721,Usually Return,75.23,452,73
1722,Move Order,29.95,314,288
1723,Rich Bar,86.87,464,446
1724,Doctor Camera,120.88,438,876
1725,Event Girl,455.47,475,600
1726,Relate Support,244.46,382,253
1727,Cold Particularly,336.49,398,23
1728,Fear Congress,119.75,48,55
1729,Election Quality,53.25,169,542
1730,Every News,349.54,488,213
1731,Sort Space,269.84,185,601
1732,Respond At,156.61,181,959
1733,Tend Where,42.2,461,941
1734,Red International,192.39,58,765
1735,Do Culture,131.21,490,713
1736,Response State,413.4,478,386
1737,Image Director,113.02,450,577
1738,Serve Policy,182.05,419,501
1739,Recently Study,392.51,463,999
1740,Plan Laugh,119.26,273,224
1741,Add Five,342.72,229,570
1742,Prepare Probably,488.36,165,276
1743,Thousand Knowledge,239.96,485,427
1744,Inside Some,226.9,253,66
1745,Model Get,34.22,271,986
1746,Against Though,5.34,484,967
1747,Establish Window,243.27,451,582
1748,Rest Safe,299.22,90,407
1749,Huge Project,272.13,206,710
1750,Economic Thus,42.73,340,648
1751,Change Two,186.15,427,914
1752,Your Prepare,87.91,160,888
1753,Vote Particularly,466.95,478,317
1754,Water Life,478.59,18,758
1755,Stock Door,281.08,308,417
1756,Model Arm,422.95,398,714
1757,Rest Address,301.01,139,315
1758,Poor Month,226.92,472,885
1759,Rate Fall,360.46,370,51
1760,Activity Yes,337.4,293,249
1761,Because Until,367.95,153,411
1762,Particular Wall,213.41,478,624
1763,Like Level,412.14,85,510
1764,Hot Physical,211.36,437,926
1765,Improve Race,34.83,375,61
1766,Born Company,411.13,23,112
1767,Expert Might,347.96,73,514
1768,Order Four,48.07,234,590
1769,Firm Social,458.51,118,751
1770,Know Within,125.68,438,605
1771,Table Stay,398.38,474,486
1772,Current Better,302.48,126,508
1773,Go Choose,44.54,215,157
1774,Generation Present,288.45,491,339
1775,Reality Business,95.94,77,413
1776,Practice Sense,146.58,264,125
1777,Language Staff,52.91,160,618
1778,First How,254.64,415,74
1779,Fear Remember,165.09,208,577
1780,Movie Center,295.62,306,626
1781,Rule Build,407.41,231,130
1782,Story Affect,204.02,69,447
1783,Energy Explain,439.3,4,58
1784,Later Effort,144.01,173,139
1785,Ask His,414.83,63,674
1786,Total Concern,472.63,180,992
1787,Goal North,364.14,294,379
1788,Water She,488.94,45,617
1789,Discover Want,213.07,9,276
1790,Tax State,217.06,209,127
1791,Present Go,104.1,366,326
1792,Father Hair,60.7,123,247
1793,Man Why,309.56,5,493
1794,Recent Poor,498.79,384,214
1795,Young Necessary,460.49,330,496
1796,May Station,66.68,71,949
1797,Ask Share,323.17,280,877
1798,Pull Medical,179.25,332,98
1799,Carry Spring,275.72,433,990
1800,Property Agency,28.98,452,416
1801,Sort Debate,333.52,50,644
1802,Lot Budget,73.01,494,736
1803,Hot On,433.26,198,942
1804,Effect Foot,410.97,53,644
1805,Ground Focus,343.15,469,140
1806,Hundred Form,463.53,1,547
1807,These Here,471.54,162,530
1808,Agent Claim,297.44,142,58
1809,Relate Standard,45.34,346,326
1810,Population Low,85.94,53,447
1811,Others Yes,125.62,187,272
1812,Exist Level,306.01,358,186
1813,Let Lose,95.36,352,267
1814,Certain Without,348.03,265,129
1815,Foreign Customer,85.98,228,131
1816,President Street,235.59,432,660
1817,Number Position,124.1,472,774
1818,Budget Cup,52.85,243,65
1819,Picture World,443.57,320,383
1820,Resource Agree,439.88,271,489
1821,Second Sister,480.59,353,161
1822,Kind Face,8.96,170,84
1823,Spring Staff,318.25,126,486
1824,Discuss Natural,45.99,344,103
1825,Live Result,114.17,105,820
1826,Return Mission,162.31,275,977
1827,Soon Window,250.75,307,571
1828,Blood Price,350.61,379,602
1829,Fire Paper,270.47,459,426
1830,Sometimes Nice,486.49,446,19
1831,Career These,477.53,223,144
1832,Back Spend,27.78,184,859
1833,Receive Special,203.29,201,611
1834,They Miss,24.54,415,615
1835,Interesting Since,281.95,386,434
1836,Four Lose,227.36,198,692
1837,Part Particularly,299.82,317,935
1838,Standard Main,396.53,449,728
1839,To Apply,333.41,2,974
1840,Total Challenge,363.73,416,119
1841,Black Investment,423.06,39,512
1842,Eye Its,304.93,296,170
1843,Specific Heart,51.78,345,957
1844,Find Memory,92.81,12,272
1845,Event Property,13.05,397,984
1846,Quickly Quickly,170.93,145,193
1847,Step May,360.89,365,165
1848,Tax Individual,246.66,198,50
1849,Wait Whom,126.64,489,346
1850,Skill Trip,456.17,156,490
1851,Brother Black,57.8,490,960
1852,Will Few,65.68,396,536
1853,Floor Data,469.74,220,765
1854,Financial Again,455.36,458,9
1855,Picture Through,329.55,188,135
1856,Maybe Attack,440.51,20,969
1857,Move Old,266.44,155,981
1858,Each Herself,379.61,428,41
1859,Establish Firm,324.99,95,101
1860,Tax Hope,212.75,26,62
1861,Important Rest,47.12,395,526
1862,No Industry,137.59,463,732
1863,Use Major,354.47,405,78
1864,Statement House,342.79,454,542
1865,Technology Nature,480.1,209,724
1866,Able Weight,293.32,79,102
1867,Professional Work,408.57,270,542
1868,Guess Read,135.15,143,79
1869,Vote Difficult,391.6,31,531
1870,Price Of,195.72,225,105
1871,Let Clear,404.17,132,677
1872,This American,485.78,135,856
1873,Total Say,164.4,272,169
1874,Control Them,35.78,189,832
1875,Including Over,27.22,493,547
1876,Education Television,39.75,61,91
1877,Attack Teach,46.24,321,290
1878,Community Treat,79.53,394,612
1879,Agreement White,215.51,493,67
1880,Forget Task,133.83,376,171
1881,Notice Particular,324.7,15,649
1882,Seven Effect,233.17,38,157
1883,Argue Art,331.91,74,144
1884,Where According,265.91,158,624
1885,When Part,267.94,455,641
1886,Light Blood,241.46,174,472
1887,Child Pass,440.16,310,471
1888,Site College,173.25,324,791
1889,Body Morning,89.78,456,987
1890,Message Today,432.27,29,649
1891,Cold Paper,145.79,239,680
1892,National Case,283.1,299,831
1893,Film Try,197.37,168,733
1894,Wonder Indeed,129.49,144,395
1895,Add Energy,101.3,438,190
1896,Get By,448.44,303,148
1897,Nice Particularly,342.72,151,664
1898,Within Close,221.18,99,751
1899,Anything Item,146.58,63,909
1900,Thing Buy,342.17,15,32
1901,Half Reveal,377.79,117,334
1902,Value Reflect,460.49,111,817
1903,Today Per,339.68,257,827
1904,Cup Could,455.45,111,260
1905,Mother American,390.56,340,984
1906,Citizen Read,335.76,80,41
1907,Beautiful Continue,246.87,316,752
1908,Who Dinner,459.33,307,368
1909,Design Turn,120.08,16,680
1910,Federal Piece,342.34,39,255
1911,Great Pretty,107.72,295,845
1912,Pm Sound,330.82,310,446
1913,Enough Stop,64.38,74,433
1914,Poor Our,421.23,109,235
1915,Another Ok,475.31,469,113
1916,Some Would,383.86,251,792
1917,Join Ever,21.09,190,447
1918,Force Radio,7.69,38,646
1919,Image If,167.81,275,155
1920,Live Movie,99.21,97,358
1921,Tend Deep,489.79,286,229
1922,Raise Partner,388.98,398,761
1923,Very Keep,382.76,124,741
1924,Him Science,438.29,43,690
1925,Turn Leg,50.46,199,738
1926,Health Experience,58.92,413,909
1927,Keep Democratic,81.87,20,143
1928,Cell Several,390.9,187,625
1929,Kind Professional,496.6,154,760
1930,Behavior May,95.59,67,932
1931,Middle Would,221.11,18,524
1932,Red Ago,478.19,14,299
1933,Central Throughout,22.49,295,643
1934,Not Material,262.33,141,931
1935,Notice Question,321.29,141,628
1936,Prove Imagine,85.41,292,5
1937,Section Next,91.85,335,170
1938,Public Carry,437.2,455,433
1939,Hope Fly,132.86,107,26
1940,Position Number,51.95,2,864
1941,Agency Woman,24.12,248,553
1942,Age Eat,182.39,485,30
1943,Join Treatment,305.66,204,726
1944,Memory Left,78.07,343,4
1945,Add Suffer,397.98,324,100
1946,We Conference,375.09,324,611
1947,Energy Admit,496.14,273,284
1948,Report Place,449.53,104,288
1949,Beyond Friend,198.85,479,700
1950,Rule Network,471.63,239,957
1951,Part Morning,276.15,238,896
1952,True Suffer,209.48,170,937
1953,Author Far,228.21,224,943
1954,Would Option,445.56,333,433
1955,Fund Perhaps,158.68,62,999
1956,Magazine Rule,484.3,280,2
1957,Month North,382.78,338,162
1958,Identify Side,7.76,458,89
1959,Father Work,24.58,12,698
1960,Mr Main,274.37,54,673
1961,Now Identify,493.01,327,278
1962,We Part,139.78,279,851
1963,Word Test,429.06,169,566
1964,You Piece,382.74,384,857
1965,Break Debate,23.69,237,354
1966,Deep Simple,7.99,180,91
1967,Card Billion,457.74,242,180
1968,Time Sense,129.6,125,411
1969,Course Nothing,496.4,126,155
1970,Every Far,139.47,324,795
1971,Hair Impact,299.82,386,87
1972,Financial Natural,96.81,440,704
1973,Late Year,88.0,105,11
1974,Lead Chance,276.06,148,457
1975,Kind Some,256.24,290,480
1976,However Part,377.41,293,144
1977,Visit Available,324.19,217,546
1978,Buy Style,118.46,319,356
1979,Value Play,208.99,343,542
1980,Hospital Energy,15.07,329,751
1981,Practice Develop,320.95,459,335
1982,Remember Son,240.47,360,296
1983,City Pressure,452.96,315,103
1984,Arm Road,452.31,321,533
1985,While Less,295.45,90,218
1986,Than Per,185.05,50,226
1987,Until Simply,271.68,11,198
1988,View Best,98.93,493,641
1989,Without Both,15.57,26,647
1990,Base Clearly,441.82,343,918
1991,Peace Bring,64.68,329,415
1992,His Agreement,389.93,449,258
1993,Build Interview,122.06,496,593
1994,Deep Close,319.6,82,126
1995,Sit Left,204.36,459,253
1996,Discuss Evidence,221.96,407,348
1997,Painting Think,366.38,439,828
1998,Tell Set,251.36,458,616
1999,Worker Effect,135.89,500,731
2000,Market Thought,109.52,189,811
2001,Region Part,341.22,463,607
2002,Gas Bring,337.46,433,344
2003,Particular Child,390.42,453,910
2004,Want List,472.74,392,568
2005,Contain Skin,429.35,237,606
2006,Available I,251.22,330,182
2007,Will Other,229.26,173,335
2008,Party Once,387.7,444,522
2009,While Former,303.2,28,998
2010,Local Issue,291.68,298,654
2011,Inside However,237.11,387,424
2012,Gun Especially,137.2,40,114
2013,Tough Six,148.69,171,398
2014,Including Hold,174.68,137,221
2015,Practice Media,332.48,414,152
2016,Detail Article,150.53,73,262
2017,Control Church,334.32,262,265
2018,Pattern Course,444.62,103,986
2019,System Woman,104.26,414,72
2020,Administration It,349.7,134,76
2021,Story Father,107.33,426,284
2022,Be Offer,432.52,375,447
2023,Really Over,465.22,236,34
2024,Idea Well,375.89,225,92
2025,Development Church,121.39,215,544
2026,Receive Against,203.55,104,439
2027,Develop Reason,275.87,324,750
2028,Old Size,362.5,63,849
2029,His Enter,51.43,350,540
2030,Maybe Meet,333.85,318,628
2031,Back Pass,135.47,277,348
2032,Simple Change,431.46,264,678
2033,Role Worker,402.32,318,279
2034,From Reflect,452.84,75,394
2035,Best Push,232.78,471,776
2036,Other Student,265.86,123,514
2037,Off Water,73.48,270,475
2038,Eat Property,461.68,136,391
2039,Mouth There,264.14,228,254
2040,Our Quickly,485.41,188,312
2041,Receive Certainly,89.22,361,509
2042,Decision Dinner,145.84,54,606
2043,Leg Wind,35.72,409,27
2044,Generation Result,135.29,154,246
2045,Effect Fear,483.09,275,668
2046,Recognize Choose,286.17,157,763
2047,Beyond Girl,467.32,106,863
2048,Force Cause,362.65,307,694
2049,Attorney Speak,458.35,41,976
2050,Religious Forward,344.19,316,620
2051,Interest Community,480.87,32,314
2052,May Task,137.61,375,345
2053,Relationship Blue,259.18,435,56
2054,Study Really,121.49,455,83
2055,Break Main,294.49,205,374
2056,Such Bad,260.21,57,508
2057,Minute Space,469.4,74,98
2058,Million Democratic,23.69,154,498
2059,Herself Must,93.07,307,184
2060,Deal Eight,407.08,368,731
2061,Minute Seven,458.35,467,508
2062,Staff Grow,31.05,253,641
2063,Song Talk,335.66,91,436
2064,Special President,351.15,191,293
2065,Smile Source,89.27,41,312
2066,Defense Company,302.6,95,18
2067,Effort Response,301.02,32,70
2068,Available Look,353.8,434,171
2069,Heart Course,273.84,123,757
2070,Old Child,229.22,73,817
2071,Include Prepare,412.67,476,629
2072,Professor Wall,384.39,226,33
2073,Professor Stay,68.27,481,513
2074,Baby Help,115.36,344,269
2075,Cause Especially,328.42,255,290
2076,Friend Hot,141.38,217,889
2077,Great Can,232.13,443,272
2078,Either May,385.62,174,484
2079,Right Again,137.55,61,372
2080,Also Bank,114.47,350,502
2081,Quite Hard,135.08,33,100
2082,Base Glass,109.8,114,797
2083,Support Tv,450.99,291,792
2084,Though Toward,194.11,24,146
2085,House Determine,87.76,193,788
2086,Much Field,487.87,436,924
2087,Work Computer,280.06,483,387
2088,Argue Spring,131.15,247,636
2089,Rock Majority,152.02,409,228
2090,But West,421.37,93,123
2091,Window Over,478.0,12,365
2092,Author Radio,253.76,119,854
2093,At Happen,326.5,36,692
2094,Water Enter,64.85,312,429
2095,Control If,179.04,420,93
2096,Idea Democrat,345.35,408,504
2097,At Opportunity,258.72,138,742
2098,Why Fact,358.88,252,703
2099,Thing Phone,133.14,106,767
2100,Worker Dark,338.08,61,839
2101,Look Tree,422.46,332,726
2102,Together Challenge,287.76,264,603
2103,Spring Challenge,12.23,167,278
2104,Environmental Account,114.76,344,801
2105,Cultural Behavior,319.48,483,318
2106,Far Simple,490.4,146,666
2107,Ahead Beautiful,134.67,186,38
2108,Today Professional,468.7,292,555
2109,Though Finish,7.54,198,158
2110,Society Ground,83.83,38,333
2111,Report Report,165.83,302,913
2112,Effect Relate,44.49,221,483
2113,Pattern You,430.26,126,684
2114,Challenge Move,412.46,458,842
2115,Where Character,486.47,309,796
2116,Major Notice,262.08,117,394
2117,List Pm,463.45,280,36
2118,Everybody Quality,174.27,116,806
2119,Nothing Support,69.29,469,213
2120,Hundred Assume,497.76,291,57
2121,Always Matter,109.26,216,758
2122,Important Suggest,122.38,172,341
2123,Operation Item,221.32,122,822
2124,Against Former,489.18,410,562
2125,Safe Task,308.3,416,530
2126,Even Government,319.2,204,744
2127,Themselves Morning,439.99,172,723
2128,Stage Lose,38.75,473,49
2129,Blue Director,465.48,79,188
2130,Every Eight,458.97,129,35
2131,City Month,315.47,230,531
2132,Hold Tell,90.8,6,700
2133,His Probably,478.6,176,268
2134,Service Reality,383.41,159,915
2135,Lead Series,69.26,5,560
2136,Explain Key,459.43,38,711
2137,Mission Day,257.16,185,148
2138,Teach Drive,90.41,177,244
2139,Imagine Strategy,41.09,62,389
2140,Sea Style,406.97,324,405
2141,Current Attention,229.08,145,264
2142,Heavy Time,145.59,114,402
2143,Item Record,373.19,243,204
2144,Able Wall,499.3,82,742
2145,Here Born,124.98,22,979
2146,Like Such,337.17,325,685
2147,Vote Health,99.54,389,914
2148,Art Wide,489.73,124,293
2149,Away Quite,49.64,372,734
2150,Never Service,498.35,160,639
2151,Stand Determine,77.1,236,697
2152,Speak Rich,391.14,223,588
2153,He Public,45.49,313,823
2154,Life Hot,418.7,101,307
2155,Heavy Son,101.56,445,149
2156,Stay Film,415.49,61,755
2157,Position Growth,313.29,360,2
2158,Section Adult,433.96,122,274
2159,Arm Street,361.96,350,885
2160,Happen Outside,284.4,351,877
2161,Make Author,203.74,106,549
2162,Education Nature,140.74,392,680
2163,Evidence Region,482.2,75,488
2164,Remain Will,365.07,367,397
2165,Computer There,362.99,44,664
2166,Represent However,211.02,431,539
2167,The Military,404.43,63,718
2168,Relationship Research,158.28,367,464
2169,Election Speech,213.14,123,187
2170,Improve Year,38.84,63,365
2171,Front During,49.28,392,791
2172,Evidence Against,487.68,361,550
2173,Move Probably,309.75,146,224
2174,Between Much,96.2,205,966
2175,Grow Evidence,302.92,4,166
2176,Method Argue,465.96,197,455
2177,Strategy Example,23.05,317,89
2178,Say Social,249.28,128,521
2179,Itself Officer,189.1,216,197
2180,Identify Radio,490.76,135,9
2181,Identify Defense,63.0,412,417
2182,Catch Out,330.87,285,476
2183,Those Government,47.46,352,450
2184,Outside Although,414.51,313,826
2185,Them Popular,139.68,447,960
2186,Wide Notice,157.95,470,459
2187,Our Dream,131.7,210,32
2188,Figure Save,81.62,498,134
2189,Exactly Address,386.15,203,271
2190,Vote Item,321.87,205,646
2191,Unit Modern,281.31,53,152
2192,Skill Reduce,17.41,342,985
2193,Green Need,454.35,301,218
2194,Probably Visit,7.15,294,830
2195,Team May,223.77,363,616
2196,Though Report,34.5,6,21
2197,Ahead Account,355.37,465,129
2198,Wish Simply,67.61,17,184
2199,Base Glass,382.37,361,665
2200,Someone Garden,444.35,329,964
2201,Find Other,488.39,11,855
2202,Growth Send,70.2,409,711
2203,Article Change,83.22,59,547
2204,Case Front,297.13,107,402
2205,Something Drop,385.62,170,581
2206,Exactly Television,436.28,318,344
2207,Wear Into,117.66,194,985
2208,Practice Third,147.23,456,765
2209,Focus Manage,415.02,166,487
2210,Health Though,67.23,320,896
2211,Person Economy,451.62,352,645
2212,President Mother,8.63,203,251
2213,Cup Low,79.3,263,338
2214,Color Great,388.04,115,737
2215,Process Mind,45.68,235,432
2216,Green But,263.1,143,91
2217,Chair Key,408.38,34,371
2218,East Mission,221.22,350,890
2219,Of Opportunity,412.91,156,493
2220,Well Type,208.8,175,114
2221,Add School,117.81,26,299
2222,Pretty Offer,472.98,255,925
2223,Power Hotel,188.84,458,938
2224,Try Fear,191.01,150,680
2225,Set Receive,126.47,322,851
2226,Age Political,95.1,108,868
2227,Speak On,477.98,138,122
2228,Allow Difficult,218.78,55,999
2229,Us Ground,81.85,380,69
2230,Article Traditional,260.5,7,456
2231,Themselves Hear,104.4,420,171
2232,Senior Maybe,89.68,131,399
2233,Guess Well,374.47,492,826
2234,Wish Phone,18.6,81,250
2235,Experience Produce,222.05,34,714
2236,Authority Bag,409.84,375,151
2237,Recent Apply,61.05,500,271
2238,Few List,13.52,39,99
2239,Today Writer,448.02,134,570
2240,Various Girl,79.51,410,835
2241,Happy We,491.56,427,708
2242,Turn I,459.13,158,173
2243,Ever Record,399.24,129,1000
2244,A Two,182.85,440,715
2245,Product You,457.68,333,129
2246,Forward Various,62.71,224,226
2247,Design Instead,27.68,251,923
2248,Condition Risk,414.92,30,275
2249,Game Above,203.71,23,206
2250,Mention Head,374.28,435,431
2251,Trial Financial,209.3,80,784
2252,Nature Behind,156.58,374,651
2253,Cold Fly,88.4,434,580
2254,Need World,357.12,363,164
2255,Ball Draw,76.09,83,796
2256,Reason Senior,316.74,158,436
2257,View Carry,300.27,357,830
2258,Stock Recognize,299.57,363,741
2259,Culture Affect,218.05,8,947
2260,Among Democrat,439.59,25,630
2261,Clearly The,479.26,165,31
2262,Mission Figure,54.87,453,394
2263,Middle Campaign,339.46,12,269
2264,Picture Later,249.12,499,114
2265,Language Than,330.7,139,436
2266,Necessary Audience,34.31,477,650
2267,Require Foreign,193.48,436,352
2268,Charge Test,414.37,111,562
2269,Effort Stage,18.58,402,533
2270,Picture Executive,229.4,355,935
2271,Perform Here,370.62,299,17
2272,Eye Cut,276.66,132,316
2273,Suddenly Continue,136.86,60,162
2274,About Heart,37.05,245,267
2275,Art Begin,26.86,5,588
2276,Computer According,396.2,348,898
2277,Military Wrong,205.89,288,333
2278,Both Allow,325.54,127,990
2279,Already Plant,11.09,480,322
2280,Reveal Anything,379.57,92,812
2281,Family Whole,121.66,4,39
2282,Turn Main,191.84,400,222
2283,Area Worker,476.55,438,95
2284,Better Minute,346.54,291,622
2285,Approach Old,260.93,295,523
2286,Office Production,432.11,281,161
2287,Team Note,229.85,285,575
2288,Indicate Yard,18.69,419,142
2289,Five Range,116.27,371,742
2290,Detail Contain,157.59,283,250
2291,Lose Rest,22.7,489,517
2292,Ahead Personal,377.78,284,610
2293,Arm Avoid,121.95,496,284
2294,Community National,92.14,112,258
2295,Recognize No,74.56,149,730
2296,Sure Low,355.39,93,555
2297,Cover Human,261.16,196,728
2298,Eat Television,120.12,152,868
2299,Church Again,146.18,316,345
2300,Employee Mission,200.57,427,687
2301,News Without,298.86,284,971
2302,Much Church,337.68,248,882
2303,Yeah Represent,340.5,96,140
2304,Reflect Down,212.54,308,922
2305,Agent Sea,107.09,45,315
2306,Base Major,203.46,339,378
2307,However Single,443.97,154,296
2308,Together Seem,365.25,316,276
2309,Doctor Professor,435.66,191,70
2310,Stock Yourself,354.65,434,421
2311,Customer Behind,384.82,306,321
2312,The Behavior,214.04,30,251
2313,Production Could,275.94,221,956
2314,Sure He,18.43,213,367
2315,System Home,180.73,123,702
2316,Various Ball,212.18,193,308
2317,Million Record,54.35,121,598
2318,Local Grow,480.18,243,351
2319,Land Go,111.39,439,90
2320,Camera Fall,249.8,179,229
2321,Whose Front,438.01,24,457
2322,Speak Western,259.6,249,925
2323,Investment Front,214.4,303,466
2324,Movie But,313.88,354,237
2325,Rather Lead,497.44,196,796
2326,Will South,483.52,329,324
2327,Receive Born,59.12,500,119
2328,Organization Card,277.67,417,769
2329,Democratic Center,118.26,309,305
2330,Result Blood,41.66,297,201
2331,Quality Lay,358.67,65,20
2332,Build Force,233.04,433,159
2333,Short Owner,267.36,33,631
2334,Dream Conference,214.03,100,22
2335,Although Account,442.35,372,475
2336,Page Mouth,416.65,484,661
2337,Idea Task,248.49,187,224
2338,Commercial Shake,110.9,484,130
2339,Board Just,43.29,274,762
2340,Account Turn,160.85,96,684
2341,Interest Little,361.69,180,759
2342,Concern Senior,494.85,135,875
2343,Agent Today,109.55,213,415
2344,Improve Yes,151.99,250,531
2345,Street Produce,485.92,312,552
2346,Someone Entire,33.5,81,460
2347,Kid Left,372.78,312,205
2348,Answer Find,387.3,18,326
2349,Range Oil,232.45,213,782
2350,Economic Truth,471.52,201,910
2351,Evidence Same,14.15,93,343
2352,Practice Thing,305.52,416,496
2353,Change Focus,128.2,220,976
2354,Nature Reach,482.82,400,789
2355,Under Much,289.8,344,88
2356,Network Kid,82.0,354,184
2357,Cell Direction,417.07,285,253
2358,Create Institution,146.51,253,708
2359,Town Sort,61.24,203,581
2360,Strong Husband,140.03,269,380
2361,Owner Space,216.5,7,438
2362,Source Computer,474.34,150,876
2363,Choice Resource,362.38,251,699
2364,Happen Instead,455.23,100,568
2365,Probably Travel,193.76,465,336
2366,Always Evidence,229.19,88,447
2367,Resource Find,131.34,163,633
2368,Add First,418.55,225,672
2369,Tax Front,379.28,67,104
2370,In Material,345.64,329,321
2371,Focus Land,61.73,250,193
2372,Sometimes Give,394.47,309,69
2373,Feel Describe,360.25,498,17
2374,Goal Describe,80.43,494,455
2375,Life Before,323.76,145,918
2376,Wife Majority,487.47,33,190
2377,Threat Test,15.62,367,754
2378,Scene Until,55.63,188,933
2379,Feeling Himself,386.22,425,951
2380,Many Figure,223.96,422,850
2381,Finally Brother,229.87,100,15
2382,Away Receive,423.81,333,97
2383,Relate Happy,215.18,321,462
2384,Down Energy,141.25,123,789
2385,Hospital Doctor,310.76,429,807
2386,Budget Own,262.23,45,833
2387,Really Own,406.06,4,490
2388,Project Its,36.43,210,923
2389,Anyone Memory,11.17,266,770
2390,Set Most,474.69,337,584
2391,Mean News,28.26,126,901
2392,Over Relationship,307.36,251,652
2393,Hospital Recognize,98.94,282,262
2394,Plan Road,65.34,44,112
2395,Fly Rate,31.37,125,610
2396,Discuss Gun,342.92,125,822
2397,Son Structure,219.38,56,353
2398,Your Identify,12.99,389,414
2399,Part Cultural,391.28,363,315
2400,Western Practice,209.45,471,679
2401,Child Better,163.62,325,156
2402,Success Talk,59.29,302,659
2403,Where Fund,399.7,180,858
2404,Open From,422.44,87,404
2405,Show Training,441.71,110,748
2406,Peace Have,436.66,216,837
2407,Husband Particular,152.36,385,376
2408,Race Report,468.21,464,280
2409,Government Save,209.52,128,482
2410,Prepare Wonder,496.51,12,80
2411,After Realize,454.59,156,197
2412,Bad Song,86.72,33,120
2413,Memory Ground,492.13,415,131
2414,House Not,263.38,276,179
2415,Various Issue,347.75,90,809
2416,Glass Nothing,345.01,177,726
2417,Particular Sport,453.78,251,87
2418,Plant Contain,399.7,294,934
2419,Smile His,384.29,92,224
2420,Consumer Season,187.42,374,324
2421,Sense Wide,165.51,204,607
2422,Member Out,277.17,303,758
2423,Important American,8.1,284,32
2424,Look Throughout,431.69,437,440
2425,Manage Experience,480.57,413,55
2426,Phone Field,479.87,39,806
2427,Pay Around,86.77,45,72
2428,Nor Baby,274.99,131,787
2429,Region Sort,94.09,109,173
2430,Bill Visit,79.8,332,73
2431,Yeah System,245.25,168,110
2432,West Indeed,489.47,220,861
2433,Six Community,50.82,267,84
2434,This Hard,149.21,286,937
2435,Travel Term,104.25,311,622
2436,Have Run,316.91,203,270
2437,Hand Law,73.78,96,888
2438,Low Memory,472.33,319,666
2439,Every Tv,209.33,236,1
2440,Matter Whatever,114.29,295,140
2441,Conference Base,367.08,53,696
2442,Should Cost,13.56,52,894
2443,Nice Turn,176.08,289,923
2444,Throughout First,273.06,438,617
2445,Brother Tough,250.79,128,188
2446,Say Movie,130.1,334,418
2447,Camera Trade,216.06,461,781
2448,Add Claim,497.94,247,421
2449,That Miss,66.58,473,963
2450,With Case,476.32,31,962
2451,Plan Quickly,346.05,407,436
2452,Small Late,412.45,311,482
2453,Player Pm,327.88,81,558
2454,Factor Culture,357.67,173,434
2455,Test Require,477.59,271,592
2456,Network Nature,290.64,335,5
2457,However Avoid,475.91,13,523
2458,Firm Firm,350.74,13,766
2459,Eight Operation,369.72,331,302
2460,Economy Shoulder,41.46,85,623
2461,Close Million,403.34,216,510
2462,Coach Around,449.99,464,622
2463,Key Hotel,215.65,362,447
2464,Whether Produce,426.55,168,806
2465,Technology Least,476.92,348,297
2466,Shoulder During,43.6,350,820
2467,Note Evening,204.37,365,285
2468,Event Yeah,348.47,102,22
2469,Lay Indicate,151.6,289,531
2470,Goal Suggest,496.72,221,341
2471,Chair Level,482.64,110,786
2472,Myself At,237.41,256,363
2473,Among Move,396.56,74,39
2474,Page East,310.18,180,540
2475,Important Economic,162.19,258,164
2476,Action Analysis,471.61,405,634
2477,Lay Us,470.33,413,681
2478,Evening Administration,136.01,306,968
2479,Future Floor,37.18,28,403
2480,Compare Four,335.81,448,531
2481,Democrat Stop,154.18,12,192
2482,Lot Quickly,153.83,23,594
2483,Hand Series,58.58,409,243
2484,Analysis Economy,358.45,16,212
2485,Represent Spend,179.71,24,172
2486,Trial Own,18.58,9,935
2487,Answer Television,237.19,459,792
2488,These Professor,190.24,90,892
2489,Say Administration,453.53,228,932
2490,Site Mean,326.76,436,965
2491,Wife State,430.54,473,67
2492,Well Nearly,197.59,489,882
2493,Hot Rule,357.1,215,174
2494,Natural While,285.79,347,880
2495,Once Write,99.18,10,236
2496,Outside As,285.63,88,200
2497,Watch Protect,8.86,250,156
2498,Any Common,207.43,75,415
2499,Audience Strong,477.29,12,772
2500,Race Specific,163.56,430,288
2501,Start Tend,198.7,289,330
2502,Guess Risk,262.34,287,594
2503,Group Question,249.18,299,460
2504,Certainly Heart,494.52,419,456
2505,Act Stay,7.15,92,17
2506,Stuff Theory,371.08,64,114
2507,White To,346.39,306,731
2508,Positive Without,40.1,141,26
2509,Material Keep,424.83,92,882
2510,Specific Scene,50.81,472,777
2511,Shoulder Story,71.86,280,502
2512,Start People,12.33,496,445
2513,Price Value,444.43,205,933
2514,Relationship Improve,188.35,376,62
2515,Less We,435.72,198,18
2516,Safe Teacher,232.14,65,301
2517,Various Person,384.58,100,888
2518,Player Full,394.84,150,808
2519,Product Must,315.54,146,749
2520,Time Agency,448.05,359,341
2521,Forward Second,367.02,268,50
2522,Successful Approach,385.9,176,123
2523,Foreign Its,77.85,443,517
2524,Increase Site,485.03,458,14
2525,Professor Marriage,296.97,380,413
2526,Sing Question,79.71,446,325
2527,Certainly Song,275.37,451,593
2528,Age Late,161.54,99,645
2529,No Give,272.26,293,850
2530,Agency Both,251.66,102,119
2531,Democrat Here,80.75,384,405
2532,Toward Service,291.4,418,44
2533,Color How,260.68,264,112
2534,A Adult,497.95,458,951
2535,Good Respond,358.29,136,689
2536,President Drive,63.26,426,291
2537,Girl Debate,452.58,209,370
2538,Member Next,410.72,199,696
2539,Glass Second,487.35,257,689
2540,So Body,32.15,180,867
2541,Physical Realize,99.49,157,603
2542,Music Near,407.49,78,698
2543,Sing Hit,323.08,223,308
2544,Call Truth,290.08,123,330
2545,Likely Season,57.45,402,649
2546,Approach Recognize,94.65,69,986
2547,Network Morning,92.41,143,805
2548,Thank Energy,472.58,133,345
2549,Bar Well,168.54,376,195
2550,Gun Student,323.42,291,916
2551,Manage Subject,55.21,171,286
2552,Sure Vote,116.14,320,898
2553,Which Yeah,459.35,224,58
2554,Wish Could,335.1,280,766
2555,Left Whatever,288.7,448,529
2556,Book Candidate,132.23,64,445
2557,Myself Attorney,413.21,112,118
2558,Scene Specific,333.24,364,925
2559,Will Wall,344.85,252,805
2560,Me Mouth,375.48,438,720
2561,Rock Know,281.88,126,663
2562,Big Somebody,443.97,91,758
2563,Total Total,402.81,84,126
2564,Prove Including,488.28,212,859
2565,Movement Suddenly,78.58,487,465
2566,Current Interview,226.95,222,203
2567,Dinner Somebody,139.5,359,899
2568,About Property,360.36,70,294
2569,Truth Dark,115.92,68,226
2570,Contain Nothing,366.92,4,437
2571,Threat Fall,222.68,337,120
2572,Little Perhaps,70.5,131,427
2573,True Tv,330.5,192,690
2574,Me Eat,159.27,472,834
2575,Least Site,148.45,183,621
2576,History Prevent,95.4,341,606
2577,Card Walk,11.76,368,157
2578,Already Every,462.36,376,672
2579,Woman Adult,60.57,354,281
2580,Support Movie,88.5,336,704
2581,Against Republican,76.13,250,515
2582,Window Finish,287.53,29,94
2583,Much Too,20.97,458,570
2584,Top Life,251.24,327,461
2585,Form Kind,55.37,192,509
2586,Environmental Live,218.76,294,844
2587,Together What,20.81,113,160
2588,Official National,122.01,241,235
2589,Outside Language,251.51,256,334
2590,Think Several,339.24,17,654
2591,Teacher Artist,217.33,138,708
2592,Couple Until,97.49,250,801
2593,Sell Shake,139.22,201,598
2594,Try Economic,273.1,450,270
2595,Job Open,267.78,492,488
2596,Word Meeting,456.45,310,818
2597,Media Require,178.51,396,851
2598,Region Way,479.1,214,997
2599,Word Discuss,407.79,312,52
2600,Themselves Bill,287.73,10,918
2601,Can Industry,330.53,12,440
2602,Risk Weight,278.45,270,594
2603,History Mind,48.41,42,895
2604,Next Throughout,183.41,24,549
2605,Hit Human,292.22,312,336
2606,Effect Better,353.61,497,87
2607,Save Service,174.2,288,119
2608,Every Above,195.7,82,189
2609,Difficult Agent,7.49,239,184
2610,Current Hair,182.99,107,862
2611,Reveal Science,183.17,343,571
2612,Light Home,165.02,28,434
2613,End Find,278.01,254,21
2614,Black Government,137.97,282,577
2615,Sort Its,344.74,160,169
2616,Military Example,342.82,50,977
2617,Dark Image,110.7,417,166
2618,Amount Woman,229.04,456,762
2619,Base Place,232.84,211,515
2620,Rest Feeling,119.0,12,693
2621,Everyone Act,430.99,249,128
2622,Major Woman,453.42,137,852
2623,Discover Training,322.72,226,840
2624,Make Risk,324.69,128,599
2625,Expert Go,176.86,342,845
2626,Realize Here,414.95,230,696
2627,Character Recently,82.61,175,868
2628,Report Dark,353.46,55,544
2629,Until Six,318.17,174,778
2630,Top Billion,105.74,187,120
2631,Unit Tree,215.24,477,960
2632,Where Let,204.46,82,989
2633,Around So,461.94,191,887
2634,Book Manager,339.51,293,656
2635,Give Note,319.28,98,145
2636,Here Film,455.6,216,361
2637,Already Generation,417.83,70,646
2638,Under Natural,484.86,284,567
2639,Continue Force,30.3,283,48
2640,Into Talk,285.87,340,417
2641,Glass Property,142.56,95,47
2642,Son Science,466.77,49,293
2643,Probably Purpose,154.34,260,515
2644,Agent Son,384.67,394,381
2645,Cover Seven,375.02,415,592
2646,Catch Similar,26.69,132,804
2647,Boy Glass,448.1,193,620
2648,Bring Value,127.98,10,897
2649,Range Phone,279.38,440,74
2650,None Site,188.6,233,875
2651,Scene Of,341.75,250,359
2652,Meet Left,477.77,484,448
2653,Realize Laugh,116.08,94,594
2654,Image Eye,211.62,496,734
2655,Agree Back,358.17,392,759
2656,Way Group,297.43,141,808
2657,Ahead He,47.15,436,382
2658,Mother Evidence,499.16,381,970
2659,Simply Different,307.37,424,241
2660,Will Every,129.65,386,692
2661,Time Once,274.68,2,795
2662,Material Four,143.83,487,965
2663,I South,354.66,162,254
2664,Available Common,140.91,223,313
2665,Them Should,437.45,325,486
2666,Add Material,6.87,288,258
2667,Same Someone,27.61,486,441
2668,Less Coach,499.71,6,32
2669,Article Little,224.26,322,545
2670,Article Cold,5.52,381,353
2671,Space Not,28.81,202,31
2672,Simply Bed,348.11,23,77
2673,Truth Analysis,12.28,27,502
2674,School Service,183.9,480,665
2675,Much Authority,135.2,319,101
2676,Way Worry,469.92,276,277
2677,Form Idea,428.87,76,625
2678,Process Culture,61.13,377,600
2679,There Paper,119.76,151,312
2680,Budget Enough,465.35,137,611
2681,Just Half,64.92,187,806
2682,Yeah Since,262.6,44,632
2683,Institution Find,31.91,144,265
2684,Ten Team,313.4,216,736
2685,Suddenly I,271.04,457,66
2686,Significant Eight,55.52,57,466
2687,Image Speak,20.25,98,367
2688,How Entire,265.4,49,293
2689,Long Local,29.51,253,841
2690,Claim Easy,428.25,92,534
2691,Spring Couple,57.95,480,861
2692,Plant Water,42.4,242,67
2693,Course Effort,85.13,388,43
2694,Easy Fact,145.9,12,189
2695,Determine Argue,428.16,164,960
2696,Last To,44.79,261,538
2697,Enjoy Really,240.44,340,228
2698,Second Mr,351.51,113,167
2699,Within Easy,405.28,180,775
2700,Foot Thing,230.05,61,867
2701,Economy Product,218.26,72,622
2702,Later Toward,210.31,25,92
2703,Foreign No,190.61,87,90
2704,Church Including,325.5,73,489
2705,Machine Personal,325.39,413,142
2706,Ready Democratic,429.17,209,945
2707,Arrive Popular,152.78,479,181
2708,According Serve,278.19,384,722
2709,Theory High,408.38,370,281
2710,Impact Vote,171.29,109,405
2711,Citizen Huge,429.35,423,134
2712,Because Travel,253.99,57,251
2713,Long Authority,454.22,453,701
2714,Something Current,276.97,439,244
2715,Fast Market,383.98,15,498
2716,Actually Participant,113.4,138,620
2717,Smile Party,12.72,193,383
2718,Term Population,210.83,101,131
2719,Door Police,32.37,205,475
2720,Guy Way,349.8,303,562
2721,Hope Computer,145.76,133,695
2722,Soldier Compare,317.35,175,892
2723,Visit Interest,497.52,155,443
2724,Happy Newspaper,84.77,340,195
2725,Discussion Choice,339.11,118,853
2726,Others Stand,400.0,322,472
2727,People Stock,373.2,462,564
2728,Author Mouth,265.64,131,210
2729,Open Article,345.09,17,108
2730,Live Top,176.23,103,759
2731,I Cause,367.29,157,673
2732,Deep Think,403.49,286,544
2733,Identify Oil,244.71,290,929
2734,Itself Door,270.21,33,121
2735,From Recognize,370.03,265,761
2736,Beautiful Guess,422.37,237,456
2737,Change Save,69.72,108,634
2738,Girl Nothing,18.7,360,77
2739,Prepare Certain,182.15,321,92
2740,New Political,241.54,383,63
2741,Energy Including,219.68,497,196
2742,Fire For,450.68,13,502
2743,Wonder This,88.46,28,755
2744,Majority Hand,221.49,368,521
2745,Finally Improve,10.97,128,58
2746,Race Simple,319.5,123,605
2747,Administration Of,323.96,269,118
2748,Past As,223.03,176,188
2749,Those Weight,157.06,333,739
2750,Woman Able,168.41,104,186
2751,Likely Series,295.12,354,887
2752,Memory Last,15.03,406,576
2753,Finish Debate,462.66,313,244
2754,Fall Forget,401.65,398,901
2755,Wife Party,457.2,286,809
2756,Food Few,90.16,248,904
2757,All Edge,164.11,344,643
2758,Walk Will,322.86,46,696
2759,Discuss Teacher,209.09,350,134
2760,Beautiful Ok,334.62,231,932
2761,Small Resource,335.55,197,624
2762,Type By,308.65,386,393
2763,American Debate,119.78,234,855
2764,Line Sister,414.66,7,818
2765,Myself Long,199.02,232,575
2766,Hair Director,56.82,59,437
2767,Speak Environment,226.6,355,631
2768,Old Above,199.48,99,588
2769,Sing The,385.64,343,270
2770,Child Test,157.88,188,780
2771,Itself Exactly,254.63,368,659
2772,Per Arrive,436.43,72,930
2773,Stuff Without,485.06,410,108
2774,With Be,172.08,164,228
2775,Ten Staff,168.34,203,225
2776,Yes Production,232.41,391,280
2777,Control Change,85.84,324,580
2778,Her Staff,214.91,37,435
2779,Spring Rule,454.41,368,88
2780,Tv Agency,481.25,303,115
2781,Allow Husband,192.58,110,80
2782,Different Price,180.36,233,876
2783,Each Clearly,159.11,205,436
2784,Finish Race,270.09,8,941
2785,Take President,362.47,47,394
2786,Chair Politics,166.36,65,913
2787,Total Movement,293.82,422,383
2788,Focus Drop,132.67,325,809
2789,Hour Member,387.73,441,316
2790,Similar Happy,52.18,248,258
2791,Part Each,367.64,301,561
2792,Fast Family,165.71,381,218
2793,Debate Official,101.99,441,451
2794,Card Industry,65.27,8,203
2795,Wonder Attack,77.54,66,399
2796,Measure Its,326.79,282,238
2797,Response I,42.67,372,688
2798,True Pick,155.98,385,349
2799,Case Protect,189.74,65,893
2800,Worry Build,158.55,179,694
2801,Set Order,346.91,52,398
2802,Cause Sport,220.46,370,810
2803,Realize Capital,370.25,483,795
2804,Apply Such,345.04,430,882
2805,At Run,231.36,332,370
2806,Career Prove,364.71,274,424
2807,Body Human,374.44,1,88
2808,Tv Leader,425.36,79,3
2809,Magazine Recent,273.73,358,800
2810,Woman Class,282.33,44,603
2811,Care Investment,54.81,9,174
2812,Main Happen,140.09,425,27
2813,Send Watch,338.17,436,116
2814,Two Summer,92.15,64,732
2815,Scene Admit,36.2,388,87
2816,Issue Will,285.96,82,880
2817,Face Myself,362.34,426,348
2818,Radio There,342.64,3,727
2819,Manager Executive,346.51,357,988
2820,Put Industry,125.36,126,433
2821,Test Skin,418.94,344,464
2822,Prove National,182.78,191,390
2823,Term Bag,401.38,227,966
2824,First Rock,135.43,266,21
2825,Art Day,29.13,477,991
2826,Cultural Yet,37.19,301,30
2827,Exactly Whole,482.65,17,480
2828,Walk Lawyer,121.64,246,212
2829,Statement Him,459.32,316,338
2830,Exactly Beat,211.8,336,325
2831,Economy Law,41.8,334,764
2832,Sing Within,221.15,219,60
2833,Big Stay,385.52,234,779
2834,Commercial Per,471.42,249,365
2835,In Method,319.62,18,662
2836,Remember Age,165.88,165,322
2837,Question Or,357.37,8,431
2838,North Current,409.6,126,632
2839,White Free,396.37,206,12
2840,Morning View,303.82,135,89
2841,Wall Agreement,269.76,474,185
2842,Rock Fast,445.89,442,449
2843,Although Or,41.44,300,843
2844,Give No,114.19,477,755
2845,Game Girl,161.62,459,239
2846,Case Fly,249.56,59,325
2847,Fine Pm,334.96,416,149
2848,Sit Administration,112.65,268,220
2849,Strategy Throughout,38.02,243,861
2850,Up Reality,154.38,69,47
2851,Television Push,92.33,480,974
2852,Manage Rest,393.15,71,975
2853,Minute Church,377.53,347,540
2854,First Finish,47.15,298,294
2855,Stuff Center,126.62,356,599
2856,Positive Check,441.36,215,838
2857,Sister Skin,211.6,320,354
2858,Majority Reason,338.87,355,281
2859,Position Explain,454.87,232,38
2860,Own There,182.32,47,993
2861,Decade Eat,241.28,342,502
2862,Pretty Change,75.86,443,948
2863,Blue Take,145.68,63,503
2864,Near Thing,210.47,333,319
2865,Seat Commercial,312.86,358,370
2866,Imagine Question,383.12,487,324
2867,Analysis Present,268.58,132,570
2868,Well Security,124.83,42,680
2869,Leg Real,361.19,116,309
2870,Window Participant,216.18,440,992
2871,Court Indicate,97.68,369,521
2872,Half Imagine,168.21,229,250
2873,Fight In,138.35,7,966
2874,Watch Reflect,79.5,139,877
2875,Down Color,162.75,188,42
2876,Degree Foot,192.0,59,42
2877,Begin Party,469.15,398,106
2878,Budget Small,130.74,121,302
2879,Strategy Magazine,193.47,394,522
2880,Condition Thought,12.33,432,427
2881,Notice It,265.12,292,284
2882,His My,315.8,251,914
2883,Opportunity Especially,376.64,450,749
2884,Watch Senior,455.42,11,537
2885,Force Politics,330.23,366,671
2886,Big Course,367.59,109,508
2887,Contain Our,110.18,434,177
2888,Building Training,495.06,367,239
2889,Buy Company,470.83,384,995
2890,Might Between,71.69,266,278
2891,Truth Appear,42.03,188,764
2892,Crime Everybody,377.13,231,871
2893,Establish Bill,14.5,218,725
2894,But American,441.53,414,799
2895,Ready Common,446.15,145,138
2896,Power Light,129.24,322,529
2897,Difficult Pass,130.81,487,607
2898,Wife Its,323.38,393,12
2899,Their Name,60.61,382,888
2900,Common Specific,14.58,248,706
2901,Contain Size,265.62,109,823
2902,Instead Quickly,228.27,381,930
2903,Almost Argue,180.21,448,717
2904,Exist Better,461.95,140,182
2905,Probably Your,450.77,347,478
2906,Range Suddenly,77.78,19,439
2907,Race Else,63.91,210,212
2908,Out Yard,365.58,95,69
2909,Reflect Almost,193.6,304,602
2910,Find Event,297.73,39,57
2911,About Every,466.57,225,575
2912,Sort Nice,130.07,350,470
2913,Agent Rate,451.82,410,218
2914,Out Deal,294.64,153,781
2915,Quite Bar,245.68,461,627
2916,Wide Describe,398.93,325,427
2917,Run Without,399.93,489,874
2918,Step Stuff,46.46,189,194
2919,Commercial As,25.08,136,104
2920,Television Physical,226.8,278,986
2921,Yourself Two,345.22,48,263
2922,Box One,183.11,452,674
2923,Evidence Card,119.82,206,384
2924,Leader Nature,496.49,23,82
2925,Condition To,75.01,329,836
2926,Heart Help,165.65,459,178
2927,Before Firm,390.22,222,253
2928,Reveal Page,198.54,330,460
2929,Owner Key,293.22,345,654
2930,New Daughter,494.02,393,219
2931,Put Population,496.52,334,418
2932,Why How,259.42,414,131
2933,Campaign East,245.4,350,824
2934,Follow Nation,93.17,296,274
2935,Professor Over,69.15,32,231
2936,Effort Court,120.75,300,681
2937,Begin Real,407.03,173,175
2938,Recent Operation,111.12,253,452
2939,And Visit,154.49,58,656
2940,High Few,33.86,112,722
2941,Own Four,469.16,347,3
2942,Pass Every,216.86,167,638
2943,Religious Group,347.52,488,116
2944,While Accept,491.38,27,602
2945,Off What,304.28,357,183
2946,Grow Radio,328.65,429,146
2947,Agent Nation,403.76,14,362
2948,Writer Sign,138.68,272,87
2949,Knowledge Forward,405.78,115,290
2950,Kid Civil,373.71,498,883
2951,Door Protect,193.66,390,1
2952,Establish Herself,386.19,284,781
2953,Trade Hotel,395.71,303,560
2954,Base American,91.19,19,839
2955,Available Can,114.71,167,526
2956,Look Only,446.51,200,43
2957,Place Food,472.3,362,313
2958,Other Issue,13.79,388,457
2959,By May,459.36,282,308
2960,Newspaper Change,262.3,486,407
2961,Dark Over,242.64,460,580
2962,Against Serious,128.55,404,795
2963,Bill Cost,366.72,7,774
2964,Market Father,381.16,386,154
2965,Never Protect,158.41,158,78
2966,House Cut,281.48,194,433
2967,Sort Gas,252.48,57,328
2968,Environmental Including,389.26,243,170
2969,Whose East,496.99,147,875
2970,Maybe Suffer,256.89,320,934
2971,Production Business,163.49,142,433
2972,Would Season,339.85,287,947
2973,Attorney East,152.23,295,626
2974,Since Time,120.96,471,709
2975,Central Seem,119.68,383,246
2976,Table Song,313.23,80,844
2977,Address Hope,332.23,242,382
2978,Figure Put,387.66,293,393
2979,National Eye,356.57,23,106
2980,Response Study,101.94,368,386
2981,Glass Toward,331.73,229,825
2982,Senior Sort,28.84,184,24
2983,Outside Stuff,371.44,412,945
2984,Tree For,265.1,326,958
2985,American Live,228.28,77,749
2986,Study When,266.92,177,22
2987,Democrat Performance,370.81,249,465
2988,Activity Age,74.7,281,322
2989,Entire Them,298.66,367,330
2990,Career Answer,215.7,472,813
2991,Since Center,337.46,492,866
2992,Blue Than,264.52,152,277
2993,Ground Our,224.83,8,784
2994,Safe Cost,355.24,217,104
2995,Major Ask,332.53,403,130
2996,Approach North,172.34,495,388
2997,Heart Late,145.46,389,164
2998,Community Do,109.46,278,452
2999,View For,24.68,97,539
3000,Can Civil,282.24,3,982
3001,Quickly Ability,123.32,488,391
3002,Worker Sell,443.09,479,555
3003,Into Into,144.04,99,842
3004,Radio You,141.27,355,387
3005,Play Around,219.92,449,930
3006,Nothing Everybody,203.36,193,207
3007,Result Resource,362.44,247,614
3008,Difference Indicate,115.18,161,975
3009,Have Game,354.05,66,119
3010,East Message,43.4,79,662
3011,Doctor Create,254.04,388,724
3012,Kind Sing,192.91,108,231
3013,Once According,217.7,488,583
3014,Relate Realize,71.39,395,499
3015,Memory Material,353.46,138,813
3016,Drug Place,306.75,276,221
3017,Way Certainly,15.37,453,964
3018,Issue Now,26.52,397,126
3019,Section History,215.81,323,776
3020,Know Research,87.17,483,498
3021,Quite Democratic,140.67,384,493
3022,Score Pressure,137.83,68,897
3023,Rise Event,276.6,208,190
3024,Sing Fire,469.39,106,729
3025,Its Wait,369.8,235,509
3026,Thousand Everybody,6.0,257,24
3027,Entire Article,287.7,12,903
3028,Factor Much,104.0,241,766
3029,Benefit Defense,43.44,101,317
3030,Sell Design,316.9,167,244
3031,Paper Name,112.7,244,889
3032,Appear Pick,71.66,425,549
3033,Item Ok,215.58,267,206
3034,Glass Similar,199.65,176,799
3035,Last Decide,408.26,367,316
3036,Involve Rather,412.58,56,219
3037,View Money,250.54,462,458
3038,Before Nothing,178.52,82,474
3039,School Half,466.15,487,264
3040,Foot Country,425.94,281,108
3041,Structure Century,219.53,306,368
3042,Difficult Bank,126.95,340,829
3043,Seek Where,479.9,244,332
3044,Step Finish,379.45,495,192
3045,Research Paper,35.52,25,134
3046,Suffer Physical,461.36,81,139
3047,Tonight Build,122.3,8,176
3048,Budget Small,335.57,467,287
3049,City Interview,345.55,460,570
3050,Consumer Culture,122.48,404,846
3051,Theory Color,360.88,393,303
3052,Election Would,295.21,378,304
3053,Year Our,497.2,364,275
3054,Main Source,238.69,62,141
3055,Hit Lawyer,331.16,336,451
3056,Wind Billion,462.22,137,944
3057,Right Well,237.41,133,635
3058,Oil Draw,494.17,279,405
3059,Produce Receive,56.18,390,90
3060,Exactly Charge,190.95,51,465
3061,Tough More,254.5,388,908
3062,Rock Fine,416.49,108,191
3063,Range Laugh,121.67,151,296
3064,Move Beat,78.45,308,354
3065,Red Threat,475.59,214,239
3066,Water Trouble,488.19,91,632
3067,Two Another,21.68,388,822
3068,Any Campaign,496.47,264,257
3069,Current National,58.54,297,78
3070,Seek Address,71.41,182,263
3071,Keep Result,278.11,130,974
3072,Low Different,365.45,121,959
3073,Place North,146.29,353,334
3074,Hard Maintain,253.76,429,66
3075,Cultural Turn,109.74,321,87
3076,National Treatment,226.08,180,276
3077,Hand Allow,341.1,80,786
3078,Not Security,42.17,371,442
3079,Court Local,185.31,57,716
3080,Evidence Environment,493.97,136,970
3081,Explain Why,332.49,183,487
3082,Difficult Today,84.49,422,229
3083,Car Serious,468.8,105,837
3084,Southern Alone,15.99,103,597
3085,Exactly Research,178.56,380,514
3086,Place Young,158.65,141,437
3087,Because Water,247.46,188,179
3088,Garden Morning,235.11,478,976
3089,Measure Certainly,372.4,331,509
3090,Again Run,37.77,184,156
3091,Treat No,232.85,362,420
3092,Her Series,465.13,305,810
3093,Number Call,295.75,437,917
3094,Send Reveal,415.99,134,817
3095,Impact Their,129.96,400,751
3096,Rise Yet,151.84,129,536
3097,Return Owner,357.01,23,378
3098,Nice Already,342.57,43,56
3099,Employee But,147.82,105,394
3100,The Often,217.85,481,197
3101,Coach Focus,108.21,312,211
3102,Push Small,117.86,240,485
3103,Could Exist,237.4,102,200
3104,East Teacher,385.66,350,987
3105,Air Help,8.14,462,207
3106,Left Fast,31.68,109,832
3107,Picture Gas,20.22,427,7
3108,Pressure Local,50.45,230,930
3109,Picture Guy,240.69,323,578
3110,Condition Any,99.06,255,677
3111,Word Certain,341.08,445,38
3112,Party Main,57.7,309,751
3113,Occur Affect,110.77,321,869
3114,Job Remember,340.35,388,568
3115,Middle And,318.38,378,767
3116,Live Significant,305.51,107,639
3117,Quickly Place,232.51,178,678
3118,Deal Cut,340.06,353,307
3119,Artist Get,81.95,138,328
3120,Land Turn,480.78,446,716
3121,Draw All,267.64,446,396
3122,Pay Boy,359.99,85,970
3123,Cell Health,211.86,304,492
3124,Station Sure,400.67,357,931
3125,Service Pretty,152.81,213,30
3126,Pattern Place,53.25,354,913
3127,Cup Population,161.18,123,333
3128,Make That,7.96,154,287
3129,Recently Because,274.96,62,633
3130,Age Know,431.33,443,784
3131,My Lead,337.55,294,322
3132,Improve Such,416.26,483,167
3133,Where Maintain,320.41,93,715
3134,Travel Ten,322.5,373,880
3135,Color Green,187.25,274,84
3136,Memory Source,342.71,101,894
3137,Society Which,397.05,322,830
3138,Toward Spring,355.92,117,959
3139,Agree Congress,246.12,454,421
3140,Major Reality,195.04,130,54
3141,With Some,194.18,306,687
3142,Officer Born,82.88,306,60
3143,Sell Real,457.48,419,728
3144,Enter Let,103.41,236,518
3145,Compare Job,55.4,436,14
3146,Stuff Themselves,223.61,30,979
3147,Radio Heart,360.87,180,422
3148,Like Sport,129.23,42,874
3149,Yes Why,175.76,79,518
3150,Maintain Something,499.83,367,671
3151,Sit Community,182.49,232,901
3152,Theory Listen,212.37,278,260
3153,Successful Outside,56.33,92,21
3154,Various Director,270.76,307,671
3155,Long Financial,250.23,10,683
3156,Every Nice,434.88,460,884
3157,Modern Past,154.78,477,440
3158,Site Continue,376.67,376,738
3159,Republican Call,218.55,95,585
3160,Sometimes Lot,444.6,486,116
3161,Name Staff,24.07,129,570
3162,Recently Already,20.25,145,687
3163,Eye Major,413.83,370,416
3164,Story Man,240.15,246,138
3165,Indeed Live,363.83,162,219
3166,Without Speech,475.99,419,586
3167,Agent Make,369.9,94,729
3168,Accept Far,79.22,483,919
3169,Safe Tough,273.82,43,413
3170,Apply Speak,344.19,141,111
3171,Room What,311.59,35,848
3172,Popular Power,467.5,251,770
3173,Up Magazine,417.53,398,955
3174,Tree Audience,209.75,477,244
3175,Concern Myself,105.6,26,382
3176,Finally Better,396.88,27,252
3177,Statement Every,400.52,396,957
3178,We Why,289.5,453,153
3179,Factor Choice,94.2,257,616
3180,Language Help,298.87,408,352
3181,Product Place,243.6,496,178
3182,Born Conference,324.96,388,71
3183,Sometimes View,80.96,287,248
3184,Machine Accept,48.44,349,660
3185,Nearly Help,107.05,465,644
3186,Couple Rich,65.49,269,995
3187,Fall College,319.23,102,33
3188,Toward Attention,399.58,82,290
3189,Inside Hit,25.23,484,448
3190,Strategy Coach,320.16,481,136
3191,Sing Cost,283.46,43,591
3192,Sister Son,24.4,474,501
3193,Gun City,215.88,453,595
3194,Technology Toward,77.47,24,562
3195,May Professor,453.21,171,81
3196,Continue Network,46.63,308,180
3197,Civil Across,372.2,275,542
3198,It Figure,106.1,57,38
3199,Reflect Mean,429.98,181,744
3200,Force Marriage,402.05,2,144
3201,Other Involve,480.43,194,672
3202,Blue Air,178.62,459,468
3203,Soldier Chair,381.24,98,335
3204,Black Kid,179.36,33,403
3205,Million Class,357.21,361,268
3206,American Site,483.66,76,58
3207,Focus Science,100.8,313,732
3208,World Second,38.88,412,414
3209,Kid Bad,405.56,33,846
3210,Region Need,110.55,163,32
3211,Get Popular,50.4,175,336
3212,Range Suddenly,499.02,53,334
3213,Serve Through,257.91,480,823
3214,Which Today,21.2,66,828
3215,Method Measure,53.77,234,213
3216,Speak Piece,306.16,213,387
3217,Positive Before,55.16,101,554
3218,Economic Effect,63.92,216,488
3219,Call Finish,119.65,69,877
3220,Modern Pattern,331.53,157,840
3221,Once Interview,325.64,436,402
3222,Field Every,38.75,322,331
3223,Tend Name,237.22,109,582
3224,Listen Exactly,117.29,108,561
3225,Artist Direction,11.32,250,826
3226,Sign Animal,328.8,245,254
3227,Unit Bag,171.96,336,269
3228,Glass Seat,98.9,486,331
3229,Laugh Personal,245.16,66,712
3230,Career Economic,332.78,444,330
3231,Wear Popular,413.36,339,882
3232,Rate Television,272.16,286,750
3233,However Remember,302.81,326,606
3234,Either Spring,71.77,140,815
3235,Really Think,186.35,9,995
3236,Level Friend,203.95,172,16
3237,Yes Similar,290.73,239,779
3238,Crime Page,90.98,186,572
3239,Line Painting,241.68,60,713
3240,Center Information,444.37,249,638
3241,Understand Beat,65.98,500,16
3242,Time Use,473.31,456,879
3243,Class Party,313.58,491,618
3244,High Feeling,100.09,396,149
3245,Situation Charge,104.19,139,825
3246,Than Explain,339.44,111,567
3247,Listen Try,115.03,401,624
3248,Toward Protect,166.53,131,175
3249,Any Management,109.17,187,381
3250,Put Best,209.38,194,596
3251,Dog Anything,215.71,162,509
3252,Cover Impact,178.19,115,139
3253,Artist Sure,17.04,151,863
3254,Everybody North,153.18,249,737
3255,Society Serve,142.33,406,589
3256,Guy Have,216.26,465,126
3257,Enough Sound,278.27,489,665
3258,Run Music,258.57,338,80
3259,Prepare Contain,203.85,428,998
3260,Outside Final,447.9,225,442
3261,Force Republican,485.03,421,331
3262,Popular Energy,69.62,496,358
3263,Bad Any,250.84,365,399
3264,Bad Site,133.11,428,323
3265,System Five,406.55,108,928
3266,Since Face,13.08,206,342
3267,Heavy Wide,378.8,102,26
3268,Official Sign,422.42,416,990
3269,Population Right,259.81,364,263
3270,Medical Cover,408.13,383,319
3271,From Foreign,9.35,334,150
3272,World Bed,28.84,44,260
3273,International Class,324.99,281,97
3274,Trade Political,397.18,224,84
3275,Beautiful Control,161.44,308,296
3276,Learn Wonder,24.64,450,404
3277,Outside Authority,358.33,401,535
3278,Wait Cup,150.13,172,356
3279,Serve Bed,189.14,44,631
3280,Him Term,29.07,373,250
3281,Draw Public,425.57,114,160
3282,Down Group,70.06,178,713
3283,Detail Style,209.85,57,255
3284,Kitchen Special,13.39,295,766
3285,Project North,160.92,97,38
3286,Free Important,277.36,328,651
3287,Score Of,49.07,320,914
3288,Sometimes See,318.88,424,162
3289,Cold Since,430.49,352,923
3290,Year Hope,251.23,314,249
3291,Bad Decide,39.28,157,716
3292,Coach Me,398.67,489,206
3293,Traditional Matter,267.81,410,583
3294,Without Exist,280.06,472,295
3295,Debate Which,235.82,438,328
3296,Plant Ability,406.96,422,586
3297,Radio Surface,297.2,434,533
3298,Two Money,110.36,409,549
3299,Product Nor,111.58,215,244
3300,Table Upon,195.45,364,741
3301,Walk Subject,176.04,386,289
3302,Get Then,407.31,15,381
3303,Training Tonight,137.53,373,397
3304,Measure Help,360.57,226,181
3305,Too Dinner,147.05,289,48
3306,Hundred Camera,89.85,263,677
3307,Cell Involve,179.71,470,135
3308,Career Particular,453.52,13,755
3309,Chair Evening,125.33,371,358
3310,So Mouth,332.34,142,315
3311,Threat Even,115.45,207,200
3312,Election Rather,155.12,498,78
3313,Place Better,330.18,142,350
3314,Single Lead,370.46,320,623
3315,Enjoy Push,104.71,39,544
3316,Current More,397.32,449,122
3317,Remember Outside,429.47,152,186
3318,Serious Continue,188.96,59,644
3319,Likely Should,365.65,497,783
3320,Often Onto,361.74,465,265
3321,Raise Including,465.9,218,256
3322,Message Have,385.46,53,326
3323,Across Happen,201.9,474,293
3324,Plan Finally,412.58,472,69
3325,Although Democratic,428.65,205,718
3326,Parent Right,497.96,3,450
3327,Along Month,138.19,458,439
3328,Energy Send,352.07,465,890
3329,Start Few,203.3,131,764
3330,Clear Whether,378.4,110,412
3331,Herself Outside,196.95,155,804
3332,Series Tonight,423.99,95,2
3333,Second Help,75.2,46,566
3334,Vote Standard,15.52,331,109
3335,Window Care,369.91,179,2
3336,Forget Few,455.07,494,606
3337,Street From,161.99,450,280
3338,So South,11.73,492,132
3339,Win Lawyer,363.95,329,269
3340,World Probably,414.55,137,358
3341,Voice Hour,74.67,316,584
3342,Contain Present,33.78,417,276
3343,Drug Generation,117.55,173,631
3344,Management Middle,407.19,199,286
3345,Point Forward,315.05,285,463
3346,Save Simple,91.08,419,712
3347,Argue Result,280.1,328,812
3348,Ten Third,83.96,87,618
3349,Theory Article,291.21,368,794
3350,Picture Single,121.72,442,219
3351,Specific Own,60.3,239,24
3352,Market Walk,31.69,79,70
3353,Course Friend,205.96,401,707
3354,Staff Natural,97.82,387,731
3355,Success Decide,311.44,405,502
3356,Never Really,345.83,69,303
3357,Professor Few,381.63,273,963
3358,Event Tax,116.95,184,989
3359,Budget Give,6.57,287,832
3360,Find Want,344.63,56,177
3361,Family Standard,71.75,342,434
3362,From Attorney,31.03,141,923
3363,Field Leg,131.21,351,269
3364,Old Page,73.14,100,453
3365,Be Take,422.76,424,380
3366,Front Condition,155.6,272,168
3367,Design Project,94.84,27,441
3368,Born Fact,235.02,170,529
3369,Do Security,309.5,294,629
3370,Already Level,40.03,114,51
3371,World Trouble,334.27,327,697
3372,Admit Race,78.6,47,243
3373,Though Animal,413.11,142,119
3374,Protect Beyond,388.61,165,612
3375,Conference Fact,217.94,121,554
3376,Wonder Rest,256.05,341,232
3377,Top He,41.36,407,271
3378,Size Paper,396.67,384,551
3379,Knowledge East,363.81,278,155
3380,Mother Feel,89.94,377,183
3381,Place Material,386.59,356,200
3382,I Too,348.65,86,607
3383,Article Tree,70.63,325,254
3384,Production Far,194.67,487,405
3385,Material Example,480.5,229,432
3386,Standard Agent,219.53,408,396
3387,Similar Open,483.16,40,270
3388,Send Responsibility,398.81,313,465
3389,Growth Best,339.2,9,799
3390,Blue Should,406.14,317,60
3391,Letter Reveal,93.1,55,361
3392,Not Old,115.9,57,127
3393,Left Dark,114.55,235,743
3394,Which Office,464.31,362,196
3395,Carry Consumer,429.88,364,377
3396,Protect Per,444.5,407,367
3397,Quite Age,368.54,122,501
3398,Difference Energy,400.78,271,566
3399,However Pm,70.14,300,873
3400,Window Hour,352.05,464,248
3401,Window Dog,445.84,24,951
3402,View Series,173.65,331,455
3403,Trade Trip,242.03,474,418
3404,Pull Walk,382.15,128,665
3405,I Him,78.95,478,207
3406,Catch Wide,282.53,54,94
3407,Interview Score,239.76,386,622
3408,Sing Money,435.35,196,953
3409,Animal Economic,104.51,414,519
3410,Forget Everybody,319.85,113,273
3411,Avoid Hot,311.76,179,369
3412,Song Name,378.93,458,189
3413,Important Town,214.27,464,453
3414,He Color,216.01,64,481
3415,Yard Toward,51.07,475,543
3416,It Eight,160.63,351,746
3417,Simply Most,249.85,117,313
3418,Night Movement,222.66,60,101
3419,Central Drop,292.35,275,535
3420,Price Support,86.01,317,966
3421,Note Situation,52.86,63,589
3422,Field Standard,376.27,273,509
3423,Year Voice,339.13,88,779
3424,View Probably,272.02,35,927
3425,They Standard,250.6,406,646
3426,Great Week,82.56,343,915
3427,Run Your,281.7,462,431
3428,Together Score,395.02,9,181
3429,How Foreign,28.8,259,479
3430,He Sea,418.98,226,481
3431,White Vote,394.36,474,938
3432,Long West,201.13,208,967
3433,Allow Cold,391.49,317,141
3434,New Where,242.92,220,499
3435,Cup Sound,462.48,204,113
3436,Goal Nature,43.9,174,279
3437,Six Allow,374.87,338,28
3438,Card Back,454.39,313,548
3439,Able Summer,406.12,258,372
3440,Man Seek,479.5,423,961
3441,Feeling At,196.67,472,201
3442,Civil May,306.6,96,597
3443,Rock Do,277.3,257,419
3444,Let Bank,493.55,161,226
3445,Physical Behavior,279.25,334,220
3446,Why Be,499.36,419,395
3447,Including Practice,163.06,70,305
3448,Laugh Personal,158.62,190,56
3449,Interesting Line,399.1,345,767
3450,Similar Him,23.93,21,310
3451,Travel Smile,193.92,50,437
3452,Line Give,229.21,92,610
3453,Last Something,372.01,55,474
3454,Result Woman,421.61,211,115
3455,Any Green,287.87,78,484
3456,Some Just,133.83,497,843
3457,Herself Style,376.08,369,601
3458,Customer Everybody,216.13,471,526
3459,Bill Start,120.36,99,375
3460,Discuss American,257.29,314,527
3461,Fight Major,63.98,180,983
3462,Hotel College,328.41,296,507
3463,Agent Movement,492.21,51,2
3464,East Need,108.42,115,93
3465,Surface Kitchen,476.68,261,723
3466,Physical Similar,448.61,405,509
3467,Form Less,414.47,91,369
3468,Country Arrive,353.44,47,817
3469,Red Door,479.19,234,230
3470,Member Recent,362.84,357,915
3471,Food Everything,376.13,180,958
3472,Gas Whom,338.4,369,93
3473,Ready Pull,381.0,187,620
3474,None Consider,371.56,434,89
3475,Type Single,10.3,458,759
3476,Everyone Can,486.8,147,983
3477,Soldier Note,465.76,15,361
3478,Court Run,194.96,122,591
3479,Sport Nature,386.42,21,744
3480,Within Night,329.58,372,253
3481,Quite Bank,237.32,79,509
3482,Notice Ten,174.2,300,885
3483,Purpose Want,393.12,183,251
3484,Capital Fast,56.26,440,687
3485,Leg Understand,456.65,45,986
3486,Security Ever,178.36,164,191
3487,Leave Market,357.2,395,621
3488,Play Region,475.12,99,246
3489,Identify Ability,131.35,309,944
3490,View Mind,138.35,499,78
3491,Help During,39.39,327,50
3492,Source Pattern,101.94,445,731
3493,Hundred Eye,201.08,242,787
3494,Answer Force,167.83,149,206
3495,However Green,300.25,99,946
3496,Team Road,181.57,460,665
3497,Player Unit,270.71,105,633
3498,Hair School,157.54,222,701
3499,Station Relate,188.31,4,983
3500,Figure But,316.66,399,792
3501,Area Policy,59.81,371,689
3502,Mention Far,460.1,255,829
3503,Less Step,273.3,405,847
3504,Necessary Eight,62.13,215,276
3505,Last Consider,419.89,476,452
3506,She Growth,240.96,169,135
3507,Opportunity However,66.57,110,39
3508,Technology Word,420.82,137,312
3509,Action Federal,470.37,467,390
3510,Bank Every,94.18,78,584
3511,Later Expert,228.42,168,417
3512,Whom Size,44.84,407,775
3513,Hospital Difference,24.95,69,74
3514,Special Despite,486.2,95,569
3515,Live Military,216.66,388,342
3516,Camera Hundred,391.28,335,191
3517,Power Administration,491.37,39,872
3518,His Always,132.27,130,817
3519,Form Hard,117.69,293,368
3520,Up Team,73.25,321,204
3521,Strong Set,476.82,209,280
3522,Professor Plan,356.79,87,214
3523,I Candidate,389.85,31,457
3524,Level Go,479.17,329,42
3525,All Behavior,243.39,94,904
3526,Third Perform,307.33,151,864
3527,Major Drive,51.56,214,92
3528,Quality Civil,363.76,331,544
3529,Writer All,294.75,177,342
3530,Generation Allow,214.99,181,760
3531,More Condition,462.44,419,559
3532,Down Sister,232.54,292,512
3533,Participant Whose,292.71,368,406
3534,Often Of,263.83,100,874
3535,During Program,297.48,213,111
3536,Cost Sense,302.32,313,181
3537,Full Truth,433.71,410,964
3538,Individual Draw,315.92,311,824
3539,Mind Expert,268.46,19,134
3540,Week Control,477.54,170,872
3541,Color Of,351.12,88,909
3542,Tell Final,437.84,397,449
3543,Usually Push,68.27,376,890
3544,Bar Material,372.82,123,249
3545,Into Prepare,311.29,391,224
3546,Front Call,294.68,87,709
3547,Research Follow,227.9,174,864
3548,Top Discussion,26.41,37,362
3549,Red Job,436.47,94,95
3550,Executive Mention,227.16,119,550
3551,Lay Deal,390.34,135,940
3552,Bit Analysis,244.16,258,825
3553,Name Heavy,6.9,407,916
3554,Degree Laugh,293.54,486,396
3555,Above Arrive,375.68,33,842
3556,Anything Improve,212.48,72,975
3557,Increase Happen,69.97,252,934
3558,Other True,126.33,214,476
3559,Maintain Remember,471.96,62,300
3560,Tonight Agency,148.08,41,246
3561,Environment Same,493.62,167,335
3562,Another Else,457.58,170,283
3563,In Support,270.1,354,598
3564,Special Break,90.13,269,520
3565,Five Soon,411.23,487,146
3566,Town Discuss,84.66,27,984
3567,The Provide,90.11,444,572
3568,Condition Computer,442.95,303,551
3569,Manage Inside,398.36,276,878
3570,What Remember,342.05,14,696
3571,Hard Baby,26.66,7,67
3572,Scientist Detail,80.6,449,67
3573,Win Walk,457.45,286,342
3574,Congress Fire,160.69,171,498
3575,Majority Your,306.8,441,950
3576,Cut Happy,298.75,274,123
3577,Record Beat,439.5,29,328
3578,Yes Six,94.12,490,510
3579,Where College,211.42,147,318
3580,Near Rich,286.57,375,918
3581,Should Eight,278.65,463,616
3582,Food Discover,210.0,251,976
3583,Pretty Man,110.55,496,41
3584,Rest Two,254.75,35,133
3585,Woman True,134.9,90,611
3586,History Radio,134.44,270,677
3587,Project Rather,228.03,7,833
3588,Free Oil,106.85,10,796
3589,Three Bad,160.77,168,963
3590,Magazine Late,494.68,389,956
3591,Project Maybe,402.19,35,898
3592,Fly Mention,170.01,314,225
3593,Fund Such,439.49,224,544
3594,Second Actually,44.94,345,192
3595,Very How,48.66,434,529
3596,Face Bill,316.99,285,503
3597,Owner Subject,216.29,141,882
3598,Water Result,485.27,58,738
3599,Instead Cup,208.88,465,107
3600,Church Ground,258.38,349,829
3601,Because Home,171.41,361,859
3602,Stop Hit,314.4,396,879
3603,Capital Rule,327.16,293,783
3604,No Physical,282.39,115,140
3605,Particular Maintain,481.59,430,668
3606,Exist Return,332.22,143,976
3607,Congress Her,66.8,32,825
3608,Determine Believe,209.55,31,573
3609,Apply Popular,17.32,63,330
3610,Character Investment,487.08,71,541
3611,Money Father,277.25,355,304
3612,Heavy Article,351.81,329,263
3613,Investment Hotel,443.49,211,679
3614,Particular Mouth,46.67,407,136
3615,Dinner Do,307.26,456,2
3616,Enter Day,267.95,48,161
3617,Small Daughter,183.24,160,524
3618,True Forward,431.83,214,400
3619,Game Soon,280.63,44,225
3620,Each Affect,208.58,387,956
3621,Later Happen,420.35,247,298
3622,By Will,311.08,420,63
3623,Go Especially,233.82,191,843
3624,Wonder Attention,407.89,359,108
3625,Some Husband,161.08,165,145
3626,Hair Marriage,125.56,301,608
3627,Remain Chair,462.3,399,189
3628,Trade Very,399.27,57,696
3629,Property Small,236.01,333,73
3630,State Director,371.51,393,396
3631,Finish Commercial,151.72,276,139
3632,Remain Ball,290.71,440,360
3633,Window Live,33.17,87,636
3634,Human From,360.04,220,248
3635,Step Attorney,24.15,39,521
3636,Worry Job,297.74,166,92
3637,Democrat Garden,104.46,60,60
3638,Who Those,424.31,30,647
3639,Help Within,360.42,490,904
3640,Her Management,478.22,417,514
3641,Enter Air,26.63,266,437
3642,Why Anyone,348.74,385,81
3643,Decide Send,477.44,24,16
3644,Send Back,453.64,191,782
3645,Shoulder Possible,301.07,190,910
3646,Military Organization,206.52,432,626
3647,Ten Nation,13.92,192,548
3648,Blue Close,360.45,174,456
3649,Window Long,250.37,440,825
3650,Cultural Then,468.5,53,585
3651,Yourself Instead,434.66,488,577
3652,True Your,13.53,49,243
3653,Push Leg,91.53,376,480
3654,Be Upon,24.3,350,674
3655,Center Usually,133.9,203,279
3656,Someone Follow,247.51,273,13
3657,Partner Own,498.33,277,236
3658,News Drop,370.35,148,82
3659,Newspaper Call,99.1,120,731
3660,Defense Better,334.57,310,395
3661,Catch Much,227.69,140,391
3662,Face Teacher,45.74,19,836
3663,Eat Relate,190.38,293,663
3664,Good End,148.17,462,674
3665,Push Series,77.77,400,502
3666,Machine Too,121.48,471,730
3667,Improve Drug,71.03,289,513
3668,Let Close,243.47,85,757
3669,Up Perform,54.99,480,677
3670,Me Exactly,313.45,141,914
3671,Reach Pretty,59.15,389,268
3672,Newspaper Happen,190.04,466,557
3673,Commercial See,169.16,463,422
3674,Site Collection,443.01,142,702
3675,Treatment Wife,155.24,471,200
3676,Study Live,222.46,370,392
3677,Actually Team,361.44,315,225
3678,Police Happy,288.7,86,674
3679,Poor Either,328.1,472,131
3680,Onto Thought,367.68,464,405
3681,Avoid Professional,319.49,405,555
3682,Figure To,227.79,203,673
3683,Line Option,440.64,459,300
3684,Pay Part,5.16,352,3
3685,Remain Federal,163.03,203,83
3686,Standard History,95.85,294,571
3687,Interview Picture,352.96,361,323
3688,Great Available,306.36,272,548
3689,Level Exactly,218.01,321,58
3690,Experience Professor,436.49,64,320
3691,Federal Age,413.42,56,742
3692,Now Ever,120.42,447,663
3693,Expect Professional,137.48,392,97
3694,But Career,269.79,17,422
3695,Book Personal,54.82,492,661
3696,Scientist Majority,391.96,302,744
3697,Risk Conference,175.15,411,891
3698,Answer Along,120.01,420,781
3699,Western Around,13.14,277,128
3700,Song Pull,167.05,432,554
3701,Father Situation,204.87,215,353
3702,Later Spring,140.97,352,576
3703,Speak Economic,35.32,185,188
3704,More Officer,234.47,286,892
3705,Create Story,273.23,142,678
3706,Return Me,282.79,8,829
3707,Popular Stand,18.52,443,489
3708,Clearly Draw,318.52,211,140
3709,Force Green,381.18,497,568
3710,Price Account,296.88,128,45
3711,On World,396.17,464,913
3712,Believe Message,302.02,212,547
3713,Television Cause,114.01,347,984
3714,Able Particular,417.35,286,581
3715,Set Guy,429.81,273,956
3716,Fall Lose,222.85,222,998
3717,Someone Area,176.37,318,372
3718,Computer Edge,110.24,124,598
3719,Job Perform,370.87,489,386
3720,Consider Various,140.53,168,238
3721,Health Oil,76.1,65,423
3722,Else Network,139.11,369,883
3723,Foreign Put,91.88,68,778
3724,She Main,292.99,240,498
3725,Growth Magazine,120.87,157,373
3726,Among Child,183.94,282,816
3727,Network Point,156.91,489,977
3728,Should Experience,499.49,190,883
3729,First Rich,173.54,429,800
3730,Someone Simple,443.13,251,629
3731,Military Reduce,310.11,68,71
3732,Light Race,435.61,102,950
3733,Nearly Difference,422.95,297,136
3734,Side Trouble,189.74,227,656
3735,Matter Contain,241.53,93,545
3736,Act End,470.03,235,143
3737,Author Get,474.03,229,820
3738,Bar American,335.35,28,431
3739,Approach Page,381.36,285,431
3740,Alone Become,11.97,351,487
3741,System Although,36.57,119,133
3742,Customer Maintain,245.18,72,827
3743,White Nearly,207.75,252,962
3744,Each Story,166.9,39,749
3745,Start Trade,49.28,475,106
3746,Physical Television,464.66,117,452
3747,Run Way,103.83,81,383
3748,Yourself Firm,383.19,329,60
3749,Forward Short,456.21,490,346
3750,Deep Son,357.92,437,755
3751,Analysis Unit,6.48,136,726
3752,Pass Prove,496.57,406,451
3753,Left Attention,305.11,278,28
3754,Television Act,210.05,283,714
3755,Decade Dark,5.87,46,960
3756,Seven Often,64.34,395,237
3757,Speech Certain,80.72,407,904
3758,Reveal Soon,31.4,421,983
3759,Back Result,51.11,407,437
3760,Above Identify,364.29,238,416
3761,Reality Step,111.32,243,415
3762,Student For,460.71,472,888
3763,Human Garden,89.46,83,877
3764,Call Pick,50.14,149,382
3765,Show Say,280.06,5,703
3766,Dinner Thousand,369.45,197,512
3767,Kitchen Note,355.8,227,615
3768,Avoid End,45.49,287,957
3769,Provide Trip,83.2,485,113
3770,Yourself Star,277.85,441,532
3771,We Note,17.46,356,519
3772,Better I,239.23,176,989
3773,Quality Five,471.12,5,685
3774,Less Office,245.39,354,841
3775,Side No,312.52,199,869
3776,Them Consider,112.36,56,696
3777,Need Man,35.55,18,922
3778,Federal Compare,112.71,300,790
3779,Already Her,70.73,135,327
3780,Affect Score,114.57,470,92
3781,Possible Population,36.1,290,132
3782,Defense Fast,25.34,104,887
3783,Image Will,197.81,433,782
3784,Avoid Join,26.36,341,170
3785,Field Worry,222.75,343,223
3786,Blood Need,302.03,369,317
3787,Drop Form,278.49,11,686
3788,Quickly Hour,392.68,21,242
3789,Forward Authority,483.67,216,205
3790,Evening Give,41.4,156,94
3791,Seat Security,288.48,184,794
3792,Thought Person,137.0,6,657
3793,Particularly Return,300.39,488,729
3794,Yard Such,379.92,3,796
3795,Along Lot,297.42,458,716
3796,Market Social,308.65,480,486
3797,Begin Country,266.99,435,56
3798,Remain Source,495.8,273,188
3799,Best Guess,358.78,486,964
3800,Water Walk,475.03,16,895
3801,Pull Company,140.11,95,234
3802,Feeling Apply,45.22,24,408
3803,Place Leader,18.66,303,150
3804,Lot How,409.22,134,421
3805,Single Smile,44.83,83,952
3806,Above That,282.74,132,789
3807,Fine Morning,309.18,70,539
3808,Few Week,226.63,7,120
3809,More Maintain,39.98,109,106
3810,Main Story,243.49,10,799
3811,Economic State,416.34,434,443
3812,It Discuss,20.54,115,251
3813,Impact Whole,367.11,233,881
3814,Coach Agent,14.74,221,536
3815,Right Truth,53.03,180,97
3816,Music Money,382.74,425,555
3817,First Result,274.82,9,176
3818,Quite Nature,366.47,470,458
3819,These Sound,259.3,301,997
3820,Financial Choose,480.29,466,417
3821,Such Write,359.1,369,50
3822,Western Represent,180.62,307,955
3823,Hundred Eight,6.82,158,1
3824,Place Research,310.66,357,752
3825,Form Leave,18.58,192,159
3826,Only Score,138.12,467,827
3827,Health Red,137.34,46,44
3828,Source She,229.87,287,66
3829,Television Team,130.54,54,587
3830,Woman Art,157.09,493,483
3831,Conference Term,440.55,475,641
3832,Because Kind,448.16,255,593
3833,Rather Even,490.16,246,798
3834,Mrs Possible,362.82,307,106
3835,Thus Certainly,32.63,41,342
3836,Now Walk,22.05,153,257
3837,Where Sense,388.99,234,212
3838,Bed Course,336.8,36,653
3839,Save Experience,67.15,13,205
3840,Case Turn,422.18,9,213
3841,Pm Agency,383.5,454,670
3842,Population Me,439.19,117,948
3843,Tv During,124.51,112,707
3844,Young Until,305.36,158,677
3845,Happy Among,442.27,315,777
3846,Then Kid,329.59,288,923
3847,Too Behind,490.0,378,293
3848,Bill Indicate,13.98,211,163
3849,Son Month,403.45,4,534
3850,Could Fast,449.03,273,565
3851,Partner Professor,419.58,495,364
3852,Thus Standard,151.58,114,329
3853,None Learn,163.69,138,85
3854,Job Share,111.18,117,115
3855,East Fund,41.96,360,580
3856,Throughout Reality,469.22,70,22
3857,Morning Thousand,364.47,453,72
3858,Enough Minute,359.61,25,639
3859,Keep Describe,74.72,88,380
3860,Indicate Last,476.75,134,831
3861,Body Year,168.5,311,583
3862,Individual Response,190.82,344,162
3863,Control This,331.58,192,176
3864,East Quite,44.18,362,774
3865,Six Customer,254.94,170,753
3866,Meeting Arrive,106.74,108,550
3867,Region Issue,309.23,248,188
3868,Quality Itself,409.37,362,574
3869,Forward Force,204.38,447,69
3870,Stay Product,264.26,371,38
3871,Training Financial,383.45,34,833
3872,Fire Very,81.93,143,670
3873,Fish Organization,46.22,421,74
3874,Cup Under,80.99,59,191
3875,Today Both,366.13,392,859
3876,Despite Leg,205.62,80,431
3877,Exactly Leave,371.88,143,895
3878,Must Appear,282.65,430,605
3879,Behavior Require,400.1,249,336
3880,Pass Red,260.0,70,5
3881,Then Mr,69.41,359,402
3882,Participant Be,295.58,189,858
3883,Standard Traditional,85.71,461,332
3884,When Reveal,108.79,299,479
3885,Anyone Believe,77.35,387,470
3886,Final Kitchen,5.77,58,190
3887,Play Most,201.19,120,498
3888,Story Movie,141.36,80,680
3889,Soldier Present,289.76,162,625
3890,Left Unit,29.78,500,422
3891,Exist Behavior,446.4,207,877
3892,About Center,471.1,491,562
3893,Tough Every,233.94,345,763
3894,Not Network,196.48,441,318
3895,Cold Involve,167.84,65,725
3896,Still Have,125.84,390,176
3897,Help Move,260.22,422,204
3898,Plant Cell,406.25,142,159
3899,Deal Ready,146.63,471,700
3900,Budget Coach,219.11,218,147
3901,Appear Data,359.43,273,858
3902,Focus Debate,356.96,205,327
3903,She Cover,68.1,121,107
3904,Side Material,339.55,341,941
3905,Certainly Different,253.39,314,850
3906,Pressure Country,470.86,212,249
3907,Skill Discuss,321.96,499,947
3908,Whether Raise,318.21,325,41
3909,Challenge Alone,292.4,183,853
3910,Member Few,111.09,398,278
3911,Color Much,94.1,133,166
3912,Machine Common,366.1,488,950
3913,Simple Agency,238.42,45,258
3914,Include Accept,105.6,132,226
3915,Either Include,182.04,134,785
3916,Rate Central,231.31,314,221
3917,Sing Generation,167.31,285,898
3918,Article Away,325.21,465,44
3919,Lot Their,219.71,279,380
3920,By Travel,253.83,429,799
3921,Yeah Final,358.38,313,636
3922,Suffer Despite,227.71,320,748
3923,Song My,148.44,402,915
3924,Expert Approach,218.84,169,610
3925,Quality Finish,463.51,418,111
3926,Nation Finish,20.03,341,154
3927,Environment Fish,312.25,96,67
3928,Join Tonight,170.76,166,394
3929,Mission Benefit,241.1,190,165
3930,Close Crime,354.26,465,345
3931,Decide Watch,47.06,92,687
3932,High Eight,167.67,118,518
3933,Crime The,480.71,34,614
3934,Drug Author,17.03,469,408
3935,Manage Through,177.68,70,277
3936,Nothing Above,49.4,44,815
3937,Military Talk,52.41,52,908
3938,Series Job,9.51,75,376
3939,Least Look,467.8,103,42
3940,Consider Method,79.41,265,78
3941,Save Seem,77.55,22,235
3942,Store Stage,230.45,42,687
3943,Mother Prevent,467.69,92,704
3944,Try Nice,9.64,212,13
3945,Section Language,302.14,176,426
3946,Throughout Listen,280.08,480,231
3947,Idea Hair,470.42,380,954
3948,Attack Hotel,499.25,340,710
3949,Dream Low,410.09,334,162
3950,View Line,463.93,472,286
3951,Skill Doctor,56.19,452,50
3952,Leg Artist,248.14,361,992
3953,Two Too,212.18,162,571
3954,Attention Staff,116.76,18,106
3955,Provide Fine,246.8,394,857
3956,Magazine Far,125.17,69,404
3957,Arm Owner,183.44,426,102
3958,Before Human,220.43,214,325
3959,Nor Remember,195.43,211,149
3960,Increase Some,495.17,137,336
3961,Television American,134.87,247,14
3962,Article Son,259.89,315,914
3963,Worker Father,67.89,402,922
3964,Commercial Others,6.72,227,858
3965,Close Five,147.87,369,591
3966,Of Democratic,437.71,269,494
3967,Memory Own,313.32,70,439
3968,Development Box,272.08,5,78
3969,Little Approach,69.88,491,926
3970,Need Visit,104.95,378,301
3971,Open Something,130.79,52,170
3972,Grow Visit,300.68,95,30
3973,Range Against,277.28,53,362
3974,Perhaps Grow,219.24,120,158
3975,Investment Military,369.89,143,801
3976,Wonder Design,19.81,333,194
3977,Seven Such,146.88,440,106
3978,Information Others,164.45,292,315
3979,Drop Finish,349.58,224,797
3980,You Rather,105.37,111,554
3981,Social Nothing,199.41,129,861
3982,Fact Use,189.62,311,319
3983,East Pick,431.57,382,640
3984,Degree Home,111.63,16,632
3985,Relate Interesting,134.94,461,450
3986,Police Boy,297.71,465,300
3987,Travel Realize,488.05,30,214
3988,Heart Audience,278.98,253,797
3989,Perform Pm,241.09,28,672
3990,Not Character,7.39,33,704
3991,Life Room,91.77,38,475
3992,Then Happy,49.45,290,307
3993,Agree Practice,354.06,25,268
3994,At This,263.64,450,915
3995,Region Really,498.88,68,898
3996,Hot Allow,280.43,56,423
3997,No Season,43.86,222,474
3998,Hotel Home,197.01,209,364
3999,When Let,345.27,56,762
4000,Again Share,98.64,339,431
4001,Identify Red,449.41,255,158
4002,Range Listen,451.25,75,766
4003,Outside Why,374.13,104,369
4004,Very Indeed,378.77,353,823
4005,Serve Yeah,188.71,220,673
4006,Figure Century,86.13,302,158
4007,Other Can,448.91,303,735
4008,Paper Capital,331.63,380,524
4009,Later Year,160.62,255,260
4010,Exactly Side,93.33,218,773
4011,Ability Company,414.2,316,549
4012,Challenge Current,408.13,149,421
4013,Consider Accept,318.54,107,155
4014,Clear Understand,34.89,3,873
4015,Small Practice,381.97,437,103
4016,Left Mr,131.48,370,174
4017,Fear Consider,380.57,366,101
4018,Shoulder Work,337.76,67,426
4019,Them What,66.52,184,89
4020,Century Perform,123.07,357,790
4021,Room Worker,164.79,199,283
4022,Management Discover,361.34,294,313
4023,Popular Institution,445.76,248,818
4024,Page Worker,477.61,114,29
4025,Him Game,114.15,206,95
4026,Remember Most,409.81,261,493
4027,Baby Artist,321.05,112,962
4028,Grow Pull,484.73,33,186
4029,Check Be,63.28,218,592
4030,Thus Special,114.21,324,108
4031,Special Issue,116.58,153,189
4032,Boy Movie,431.19,107,678
4033,Size While,300.89,38,760
4034,Type Each,356.27,293,117
4035,Among Positive,42.17,423,701
4036,Than Ask,469.01,423,127
4037,Fish Sit,104.22,181,770
4038,Them Test,139.27,100,913
4039,Her Share,285.27,455,582
4040,Decide Never,197.66,124,25
4041,Three Beautiful,356.03,411,77
4042,Ok Imagine,309.77,427,605
4043,Think Leader,72.42,366,959
4044,Learn Like,450.86,440,588
4045,Ago May,242.43,378,116
4046,Performance Let,306.13,266,683
4047,News Soldier,217.46,263,424
4048,Brother None,445.07,439,432
4049,Forget Station,97.41,145,782
4050,Factor Color,208.42,261,766
4051,Send Open,51.05,105,170
4052,Three Clear,360.04,203,187
4053,From Receive,333.64,166,261
4054,Mind Trip,215.95,263,680
4055,Bank Rich,159.8,471,467
4056,Easy Road,94.52,233,628
4057,The Game,9.68,264,413
4058,Theory Home,378.02,141,949
4059,Support Kind,176.94,491,602
4060,Member His,120.24,146,278
4061,Avoid Character,453.91,197,29
4062,Turn Almost,90.81,283,63
4063,Box Bar,319.0,138,787
4064,When Occur,18.81,266,876
4065,Agree Trade,367.22,3,31
4066,General May,95.39,123,752
4067,Improve Happen,219.33,340,390
4068,Room Court,81.0,404,44
4069,Tax Change,472.65,381,647
4070,International Weight,11.15,114,858
4071,Water The,135.16,332,846
4072,Dinner Treatment,51.06,297,193
4073,Material Impact,330.4,258,209
4074,Simply Card,451.32,353,313
4075,Stock Science,328.24,90,323
4076,Yet Yard,423.43,296,32
4077,Attack That,176.86,79,61
4078,Note Tree,355.85,80,611
4079,Share Feeling,163.17,240,551
4080,Phone Various,85.09,235,466
4081,Organization Must,64.5,37,259
4082,Exist My,272.65,487,814
4083,Cost City,460.93,336,742
4084,Behind Old,21.4,410,116
4085,Case Generation,389.93,433,407
4086,Impact May,268.79,20,425
4087,Political Story,388.54,186,416
4088,Nothing Which,31.58,353,901
4089,Include Quickly,473.17,162,488
4090,All Whether,302.7,139,177
4091,About Focus,20.93,103,886
4092,Church People,313.05,313,716
4093,Increase Feel,243.37,163,836
4094,President Sister,59.3,176,813
4095,Skill Sure,35.8,73,960
4096,Science Buy,40.89,254,256
4097,Rather Compare,205.59,212,439
4098,Only Yard,290.16,344,712
4099,Become Analysis,368.22,323,770
4100,Congress Heart,416.12,404,274
4101,Treat Cover,300.55,21,730
4102,Right Price,171.3,266,35
4103,Here Lawyer,421.31,393,119
4104,Generation Increase,173.12,452,570
4105,Pattern Change,87.19,97,267
4106,Conference Let,22.19,166,221
4107,Surface Form,159.68,431,852
4108,Television Offer,206.29,407,237
4109,Science List,366.32,404,403
4110,Popular Each,158.58,192,785
4111,Mind List,370.49,424,390
4112,Affect Religious,71.93,198,227
4113,Though Industry,477.56,485,299
4114,Can Appear,315.21,217,608
4115,Consumer Position,160.05,339,430
4116,Enough Tv,240.81,382,499
4117,Task Involve,350.32,262,201
4118,Dinner Firm,75.41,335,515
4119,Region Light,159.7,424,920
4120,Recently Mean,360.43,50,95
4121,Behind Face,64.03,277,410
4122,Available Model,97.12,322,844
4123,Feeling This,79.24,300,242
4124,Head Early,343.16,339,13
4125,Management Herself,164.89,265,267
4126,Choice Radio,176.1,416,352
4127,Care Other,255.08,84,212
4128,Instead Development,394.66,358,568
4129,Back Along,370.76,442,142
4130,Meeting Husband,105.6,487,832
4131,Land Community,182.51,479,194
4132,Reach Majority,360.03,406,20
4133,Land None,387.66,49,124
4134,Benefit Song,410.69,113,610
4135,Them Away,44.77,389,146
4136,Where Information,173.76,172,215
4137,Energy Property,269.63,314,560
4138,Reality Those,254.98,277,919
4139,Me Participant,418.65,366,828
4140,Find Part,219.42,307,217
4141,Chance Usually,120.94,410,702
4142,Strategy Modern,31.32,49,569
4143,Machine Probably,23.32,199,88
4144,Pretty Training,236.78,364,314
4145,Cost Light,382.83,113,500
4146,Because View,302.97,431,947
4147,For Order,336.19,390,244
4148,Meeting Industry,396.67,422,288
4149,Cold Race,186.18,121,560
4150,Similar Position,284.54,192,797
4151,Happy Short,362.31,16,85
4152,Say Born,61.95,303,257
4153,Agreement View,129.69,226,649
4154,Top Sea,481.99,436,425
4155,Size Seat,168.27,406,369
4156,Test Man,10.22,330,771
4157,Inside Save,317.55,440,466
4158,West Language,206.37,274,89
4159,Summer Sport,395.36,40,329
4160,Wait Collection,240.34,382,332
4161,Early Cause,268.66,438,342
4162,Wife Experience,266.33,466,164
4163,Weight Animal,361.42,476,739
4164,Amount Compare,128.26,343,979
4165,Read Thought,59.86,89,354
4166,Seat Music,374.85,8,537
4167,Quality Identify,206.29,83,661
4168,Dream Lot,467.91,163,43
4169,Argue Employee,159.64,352,406
4170,Financial Middle,82.18,273,729
4171,Determine Floor,130.29,404,832
4172,Defense Physical,307.1,82,297
4173,Raise Interview,431.06,36,842
4174,Ground Series,472.03,416,934
4175,Young Authority,12.45,372,721
4176,Very Forget,226.46,304,635
4177,Suffer Early,106.03,384,747
4178,We Rather,54.89,488,30
4179,Nor Good,401.3,472,911
4180,Man Economic,411.71,54,788
4181,Over Sit,297.28,269,249
4182,Sell Spend,203.18,392,160
4183,Few Pick,64.75,353,468
4184,Star Require,208.91,444,265
4185,Since Plan,205.98,149,867
4186,Seven Could,432.35,366,951
4187,Down Message,380.56,296,557
4188,Rate Recognize,301.02,436,254
4189,Candidate Rest,92.73,193,785
4190,Do Enter,422.88,271,100
4191,Health Especially,51.92,90,591
4192,Morning Friend,332.2,153,328
4193,Management Move,243.77,123,950
4194,Deal Stay,38.16,303,725
4195,Experience Deal,85.45,360,464
4196,Side Ok,351.84,382,648
4197,Activity Second,47.45,168,680
4198,Smile Fire,228.19,405,121
4199,Chair Generation,493.26,171,606
4200,Each At,122.87,14,628
4201,Peace A,47.69,303,658
4202,Large Idea,110.66,247,783
4203,Everything Choose,386.08,309,797
4204,Rise Fast,158.09,434,746
4205,Sing Nature,355.33,126,106
4206,Rich Range,258.23,347,920
4207,Protect Thank,33.97,58,768
4208,Remember Where,143.75,400,61
4209,Into Deal,308.61,354,970
4210,Interest Able,484.1,75,434
4211,Game Sometimes,322.12,44,818
4212,Other Computer,211.17,369,32
4213,Break Hotel,459.08,404,374
4214,Really Film,265.19,14,550
4215,House Drop,179.12,421,551
4216,Tree Agreement,143.7,238,552
4217,Cell Property,322.01,193,723
4218,Determine Accept,151.48,351,416
4219,Floor Hot,417.59,237,143
4220,Attorney Rate,342.07,415,829
4221,Owner Standard,343.95,35,196
4222,Final Back,83.24,171,436
4223,Best Cold,147.78,263,709
4224,Something Attention,152.72,55,730
4225,Material Very,372.75,274,701
4226,Enough Simple,422.81,481,946
4227,Serious Arrive,237.74,283,512
4228,Democrat Activity,360.07,13,270
4229,Wide Style,169.68,188,439
4230,Guy Letter,138.06,94,423
4231,Notice Civil,69.03,268,65
4232,Rather Church,33.22,16,439
4233,Training Ready,61.2,445,446
4234,Go Involve,276.74,289,398
4235,Edge Office,206.48,484,143
4236,Radio Purpose,416.29,110,195
4237,Third Put,168.53,33,255
4238,Firm Hour,460.41,175,834
4239,Include Analysis,280.23,149,480
4240,Girl Not,263.7,497,317
4241,Marriage Measure,152.46,123,43
4242,Wall Measure,57.42,285,671
4243,Police Dark,185.1,469,230
4244,Lose True,327.42,312,529
4245,Understand Eye,397.06,423,425
4246,Full Each,208.42,336,130
4247,Each Prepare,222.18,218,924
4248,Similar Cause,270.31,154,422
4249,Car Drive,135.74,68,115
4250,You Boy,211.36,78,554
4251,Bit Much,177.48,390,530
4252,Friend Feeling,97.17,44,273
4253,Discussion Central,475.28,99,195
4254,Tax Receive,490.07,313,781
4255,White Where,141.47,28,311
4256,Establish Computer,12.56,159,229
4257,Short Political,80.54,77,340
4258,Everyone Resource,382.03,106,561
4259,Evidence Idea,250.55,101,878
4260,Office Former,255.34,450,699
4261,Factor Democrat,488.5,121,276
4262,Concern Behavior,481.9,438,783
4263,Nice Property,259.2,497,502
4264,Space Both,290.21,317,964
4265,Event Point,180.51,461,331
4266,Movement Visit,476.69,31,158
4267,Language Artist,20.84,141,463
4268,Director Never,343.0,366,538
4269,Per Cell,274.2,262,945
4270,Seven Of,52.93,313,30
4271,Her Whom,265.14,103,486
4272,Design Event,242.66,169,85
4273,Or Range,456.4,339,493
4274,Character Artist,448.21,383,707
4275,Perform Bed,411.96,103,119
4276,Sense I,253.73,452,468
4277,Technology Probably,97.53,346,75
4278,Eight His,138.56,237,836
4279,Think Visit,341.04,381,727
4280,Instead Step,203.47,10,187
4281,Particularly Build,54.54,393,231
4282,Day Long,410.38,320,701
4283,Style Anything,235.64,398,330
4284,Support Son,310.99,252,566
4285,Require Film,244.21,90,242
4286,Create Across,320.34,33,41
4287,Couple Cup,442.29,166,75
4288,Himself Your,399.24,39,754
4289,Less Office,67.63,395,592
4290,Fire Unit,125.15,331,93
4291,Finish Water,186.95,66,939
4292,And Property,343.89,346,153
4293,Future Could,131.32,230,29
4294,Picture Herself,470.23,189,85
4295,Road Second,326.47,419,424
4296,Policy Quickly,436.95,383,619
4297,Left Structure,369.03,67,584
4298,Real Mention,260.85,154,70
4299,Draw Live,479.32,266,44
4300,Floor Feeling,367.43,69,991
4301,Offer Their,170.81,54,947
4302,West Eat,444.34,169,17
4303,Any Marriage,108.99,58,833
4304,Every Out,123.84,287,425
4305,Arm High,483.32,390,389
4306,Answer Fall,131.88,51,15
4307,Maybe Pull,276.42,63,166
4308,We Still,499.51,209,93
4309,Successful At,182.32,151,278
4310,Security Few,481.57,383,417
4311,Peace About,274.47,317,32
4312,Because Them,247.67,2,193
4313,Hot Wear,234.19,284,515
4314,Hotel Majority,102.2,461,569
4315,Case Question,34.8,81,234
4316,Score War,486.2,182,742
4317,Report Sign,45.31,17,752
4318,Information Sport,302.7,490,991
4319,Success Able,396.01,383,540
4320,Benefit At,167.71,295,993
4321,Move Go,360.61,85,169
4322,Maintain Doctor,298.45,409,882
4323,Record Security,447.83,444,298
4324,Model Thank,391.53,294,759
4325,Natural Make,25.55,276,36
4326,Nearly Still,57.92,465,308
4327,Let Agency,366.35,234,307
4328,Them Player,387.96,94,478
4329,News Road,384.58,96,594
4330,Director Degree,205.9,333,787
4331,Hold Even,145.31,114,685
4332,Sometimes From,459.5,363,453
4333,Visit Return,277.96,343,474
4334,Want Describe,94.23,189,886
4335,To Stock,409.41,123,555
4336,Court Fund,277.42,281,218
4337,Probably Girl,481.26,4,88
4338,Between Establish,282.06,271,784
4339,Lead Change,308.64,248,395
4340,Ground Not,491.28,481,608
4341,Book Thus,219.86,296,722
4342,Small Box,101.36,433,993
4343,Affect This,173.77,223,609
4344,Contain Want,369.44,88,976
4345,Light Relationship,133.77,336,817
4346,Ready Eat,324.73,381,838
4347,Artist Common,9.87,489,307
4348,Dark Agree,453.92,245,62
4349,Majority Example,270.34,333,526
4350,Consider Owner,285.68,474,884
4351,Part Hard,420.84,352,62
4352,Parent Hotel,404.38,316,820
4353,Across Order,358.22,398,657
4354,Tv Process,301.48,241,480
4355,Concern Security,263.12,236,539
4356,Relationship Everything,268.87,161,401
4357,View Professional,458.75,217,183
4358,Difficult Morning,315.79,322,433
4359,Understand Offer,431.62,343,674
4360,Maintain First,371.25,311,265
4361,Child Almost,162.55,135,259
4362,Action Outside,264.45,189,824
4363,Force Store,75.45,98,635
4364,Federal Wish,214.74,472,27
4365,Into Meet,37.7,55,913
4366,It Every,71.05,275,751
4367,Scene Land,474.89,441,922
4368,Away Age,126.22,394,57
4369,Anything Sell,400.68,121,331
4370,Mean Field,410.01,64,652
4371,Station North,494.51,416,796
4372,Face We,277.05,342,415
4373,Change Source,424.33,382,222
4374,Reach Increase,499.2,361,526
4375,Old Itself,462.39,89,483
4376,Let Down,446.16,47,321
4377,Moment Yard,270.41,85,156
4378,Stuff Save,369.3,383,1
4379,Ok Half,327.34,121,742
4380,Produce Article,147.55,73,716
4381,Book Enter,72.02,83,987
4382,Forward Relate,58.73,266,78
4383,Hit Indeed,33.5,277,256
4384,Nor Whom,57.68,418,222
4385,Father Class,125.93,115,325
4386,Prepare Movement,406.04,127,201
4387,Brother Live,410.56,39,703
4388,Adult Early,490.61,266,785
4389,Per Hit,410.25,253,403
4390,Congress Worker,363.89,340,720
4391,Can Quite,407.74,22,348
4392,Fear Plan,410.02,65,36
4393,Forward Oil,70.01,193,959
4394,Drive Six,352.65,477,465
4395,Food He,421.53,349,558
4396,Hair Good,168.18,303,310
4397,Land Read,484.15,405,953
4398,Culture Shake,62.24,121,933
4399,Society Note,169.56,261,640
4400,Interest Heavy,207.58,436,570
4401,Support Social,363.5,327,841
4402,Skin Rate,329.17,489,474
4403,All Common,135.24,30,431
4404,Suffer My,218.28,40,747
4405,Ten Body,48.07,354,652
4406,Actually Oil,300.84,396,591
4407,Quickly Look,354.85,28,200
4408,Dog Whole,127.74,406,296
4409,State Magazine,270.15,250,199
4410,Crime Read,28.35,70,561
4411,Matter True,159.82,229,341
4412,Address Answer,362.86,355,155
4413,Whose Subject,287.94,368,339
4414,Our Better,481.77,481,314
4415,Month Two,166.4,118,707
4416,Majority Hold,100.35,81,810
4417,Sort His,35.93,371,379
4418,Economy Research,53.83,282,358
4419,Management Actually,313.97,105,61
4420,Them Interview,401.03,26,725
4421,Knowledge Author,79.89,317,463
4422,Debate Political,430.25,61,993
4423,Avoid Seat,147.73,6,562
4424,Practice While,462.87,409,398
4425,Decide Street,268.32,497,110
4426,Hit Matter,14.43,439,52
4427,War Management,24.2,263,507
4428,Data Pay,115.39,74,79
4429,Third Activity,189.23,327,724
4430,Lawyer Hold,263.62,33,632
4431,For Treatment,230.98,446,295
4432,Will Say,443.97,213,199
4433,Sit Own,143.6,235,801
4434,Pattern Clearly,287.02,158,303
4435,Fire Network,374.46,318,581
4436,Bed See,447.19,226,379
4437,Stop Race,471.83,419,816
4438,Opportunity Plant,154.59,426,189
4439,Particular Enter,70.46,456,783
4440,When Once,37.11,350,214
4441,Cultural Approach,445.96,4,994
4442,Fear Politics,84.85,121,508
4443,Control Though,452.22,228,917
4444,Rate Management,314.2,464,475
4445,Ground Office,375.94,346,130
4446,Fast She,458.73,215,654
4447,Night Deal,324.98,25,983
4448,Seem Far,250.26,50,855
4449,Law Whole,467.3,30,815
4450,Sound Game,24.92,480,291
4451,Commercial Then,45.35,437,486
4452,That Few,239.63,145,509
4453,Language Country,454.33,386,324
4454,Stop Adult,254.57,69,460
4455,Sometimes Travel,62.54,394,560
4456,Price List,172.61,87,839
4457,Continue Much,438.48,63,267
4458,Gun By,374.95,278,431
4459,Discuss Act,196.89,200,798
4460,How Rate,177.76,425,199
4461,Nation Generation,261.9,110,674
4462,Me Reach,237.15,458,854
4463,Course Enough,12.99,281,958
4464,Key Position,226.9,245,413
4465,May Recent,20.68,60,604
4466,Station Place,142.83,323,262
4467,Until Six,129.06,99,303
4468,Summer Ability,323.04,266,331
4469,Hot Popular,270.24,317,192
4470,Assume Newspaper,271.6,8,234
4471,Body Dog,85.88,180,776
4472,Inside View,343.96,166,81
4473,Apply Painting,346.44,49,368
4474,Church Together,142.65,394,157
4475,Part Worry,326.95,149,33
4476,More Star,404.47,338,203
4477,Form Stay,268.57,349,765
4478,Front Attorney,426.77,141,15
4479,Physical Build,170.82,451,638
4480,When Suggest,282.76,392,999
4481,Feel Yourself,110.03,95,641
4482,Board Risk,482.62,24,713
4483,Team Leader,212.54,174,923
4484,Admit Local,313.56,273,649
4485,Mind Doctor,390.9,36,636
4486,Personal Middle,466.93,419,225
4487,Agreement American,290.6,429,764
4488,Few Plant,27.58,452,350
4489,Woman Ten,449.14,91,789
4490,Read Role,33.6,54,503
4491,Share Ask,337.17,382,677
4492,Charge Treat,143.32,38,854
4493,Our Tell,148.84,287,669
4494,Hospital Everybody,494.57,174,961
4495,Head Moment,174.21,205,760
4496,Sea Week,43.15,241,409
4497,Carry Study,432.91,276,331
4498,Natural Account,52.09,278,909
4499,Above Air,269.57,212,852
4500,Couple Rather,242.35,14,431
4501,Program Media,110.43,453,316
4502,Democrat Organization,88.23,325,912
4503,Skin Five,111.12,495,275
4504,Good Top,160.17,227,155
4505,Expert Control,494.74,253,246
4506,Amount But,443.75,489,200
4507,Beat Near,10.77,61,989
4508,Them Commercial,330.4,76,884
4509,Instead Child,66.32,345,591
4510,Information Like,229.55,455,859
4511,National Understand,336.85,203,219
4512,Several Item,405.9,302,78
4513,Option Hold,49.12,86,91
4514,Hear Consumer,393.35,103,416
4515,Score Writer,440.92,168,915
4516,Usually Teacher,458.0,319,986
4517,Such Herself,357.47,346,426
4518,Seven Perhaps,205.24,23,409
4519,Remember Design,138.98,103,733
4520,Plant Future,140.24,323,819
4521,Figure Beyond,379.74,178,753
4522,Method Brother,280.19,485,170
4523,Anything Gun,55.96,26,874
4524,Impact Push,458.21,428,122
4525,Picture Perform,356.12,408,393
4526,Crime Laugh,96.92,303,639
4527,Drive Finish,378.19,151,40
4528,Design International,110.24,294,745
4529,Various Strong,11.67,451,374
4530,Society Conference,360.34,178,456
4531,System Soon,7.9,212,442
4532,Same Owner,441.53,245,407
4533,Station My,478.01,239,492
4534,Parent Relationship,112.96,86,559
4535,Of Property,207.83,129,736
4536,If Ten,418.37,300,759
4537,Garden Listen,437.47,310,418
4538,Color Record,488.06,206,256
4539,Large Compare,235.92,217,185
4540,Left Animal,207.69,120,831
4541,Image Series,339.15,439,474
4542,Office True,94.6,338,740
4543,Skill Trade,137.77,370,745
4544,Investment Music,498.65,35,188
4545,Represent Between,412.18,333,47
4546,Set Region,78.91,204,291
4547,Improve North,334.54,418,401
4548,Law Top,473.32,218,287
4549,Democratic None,199.16,397,462
4550,Of Reduce,55.39,229,397
4551,Again More,263.14,89,130
4552,Mention In,26.71,389,659
4553,Nice Lead,8.22,148,677
4554,Military Wonder,43.7,326,190
4555,Difficult Whom,85.41,172,536
4556,Meeting Movie,51.55,218,325
4557,Provide Dream,75.97,190,538
4558,Lawyer A,495.74,486,194
4559,However Ten,154.34,380,295
4560,Individual Add,160.93,363,235
4561,Special Oil,336.33,30,628
4562,Seat Without,301.18,189,891
4563,Mouth Southern,237.48,397,967
4564,Line Guy,403.9,327,901
4565,Include Star,56.11,213,877
4566,More Poor,387.13,210,799
4567,Recognize Either,5.57,309,414
4568,Situation Central,362.71,73,244
4569,Product Special,33.95,5,952
4570,After Specific,241.88,472,505
4571,What Central,215.79,75,481
4572,Agreement Improve,189.42,308,701
4573,Check Player,456.17,498,237
4574,Yeah Follow,160.03,190,802
4575,Break Avoid,468.51,232,934
4576,Term Thus,87.72,462,745
4577,Hard Subject,70.76,436,701
4578,Lawyer Tell,148.75,397,858
4579,Get Claim,442.43,254,933
4580,Person Example,113.65,236,507
4581,Rock Majority,32.9,441,1
4582,Go Drive,490.56,5,518
4583,Past Floor,477.97,2,76
4584,Determine Yourself,304.91,335,688
4585,Kind Product,431.74,66,65
4586,Store Produce,54.9,176,465
4587,Result Evening,479.65,67,842
4588,Like Woman,54.98,356,727
4589,Station Draw,205.67,35,394
4590,Contain Step,462.04,280,685
4591,Out Mean,360.57,47,510
4592,Economy Especially,396.47,447,153
4593,Sing Fall,172.87,318,527
4594,Side Imagine,208.75,443,307
4595,Magazine Near,497.77,52,6
4596,Sign Over,377.12,346,591
4597,Size Animal,233.62,276,957
4598,Cup Concern,490.96,15,194
4599,Upon Family,295.98,87,230
4600,First Need,351.01,128,958
4601,Husband Total,260.48,151,999
4602,Around Know,33.67,375,436
4603,Future Interview,333.72,451,83
4604,Treatment Doctor,273.57,314,592
4605,Address Focus,75.99,109,496
4606,Knowledge Remain,459.59,486,564
4607,Natural Reason,426.76,89,161
4608,Pass Vote,362.82,13,867
4609,Traditional Dark,206.48,296,217
4610,Capital Find,484.99,466,861
4611,Group Policy,414.39,121,781
4612,Free Where,340.9,327,218
4613,Hit Strategy,289.2,215,274
4614,In Understand,112.92,372,849
4615,Everybody Character,463.8,408,654
4616,Much Edge,497.23,1,960
4617,Financial Way,294.0,371,118
4618,Send Couple,214.3,174,771
4619,Listen Financial,205.01,46,226
4620,Baby Say,168.27,190,220
4621,Movement Dog,31.1,81,493
4622,Continue Scene,388.73,356,675
4623,Across View,44.95,199,533
4624,Down Reality,432.34,282,643
4625,Seven Call,238.05,226,974
4626,Person Wonder,308.43,324,420
4627,Product Much,273.59,350,213
4628,Including Pay,290.92,57,167
4629,Financial Culture,158.64,461,848
4630,Miss Though,264.59,477,270
4631,Attention Itself,36.0,73,888
4632,Wrong What,257.93,179,467
4633,Part Couple,39.71,429,726
4634,Begin Serious,287.89,56,270
4635,Play Near,111.17,366,912
4636,Ask Or,399.35,31,853
4637,Inside Enjoy,297.15,451,405
4638,Language Point,383.86,413,689
4639,Group More,185.96,175,387
4640,Specific Pass,499.19,385,271
4641,Everybody Could,15.86,230,812
4642,Speech Billion,332.78,409,647
4643,Discover Here,460.23,392,841
4644,Travel Test,364.83,311,182
4645,Outside Mind,436.32,35,853
4646,Economic Analysis,293.12,111,683
4647,Quickly Hour,123.15,356,976
4648,Into Green,196.97,439,710
4649,Candidate Join,139.7,309,380
4650,Teacher Food,297.18,203,395
4651,Father Tonight,470.59,402,818
4652,Move Culture,146.97,102,732
4653,True Ask,301.9,213,907
4654,Everybody Increase,34.5,466,510
4655,Boy Edge,34.22,185,670
4656,Compare Space,105.87,121,357
4657,Raise Successful,381.91,497,713
4658,Late Cost,290.72,436,588
4659,Laugh Suddenly,117.82,169,1
4660,Team Long,473.34,276,41
4661,Husband Own,251.59,246,40
4662,Fast Product,358.4,45,706
4663,Increase Foreign,111.86,386,537
4664,Population Take,214.6,197,513
4665,Hundred Several,426.32,489,176
4666,Such Account,453.55,6,749
4667,Say Maybe,452.2,157,243
4668,Drive Factor,451.76,97,947
4669,Develop Style,37.75,277,315
4670,A Nation,70.41,163,628
4671,Particular Situation,410.65,107,163
4672,Glass Half,68.71,407,674
4673,Wrong Of,284.18,230,980
4674,Forget Civil,480.39,226,319
4675,Both Strong,55.21,347,288
4676,Treat Peace,199.08,453,427
4677,Man Similar,432.48,217,652
4678,First Green,483.33,186,675
4679,Check Possible,142.9,233,433
4680,Why Assume,460.16,215,518
4681,Clear Politics,192.06,161,768
4682,Education Soldier,233.75,208,595
4683,Player Evidence,92.41,100,678
4684,Group So,460.75,249,891
4685,Brother Boy,482.08,402,821
4686,Agree Environment,146.81,477,938
4687,Side Key,446.23,417,664
4688,That Home,107.73,214,593
4689,Manager Animal,338.95,317,853
4690,Deal Design,106.95,11,853
4691,Mention Concern,132.24,266,90
4692,Loss Face,409.72,168,840
4693,Easy Method,369.7,216,724
4694,Several Home,158.33,91,453
4695,Science Fine,241.42,286,143
4696,Everything Teach,404.93,140,615
4697,The These,120.09,50,78
4698,Education Start,97.84,19,192
4699,Let About,249.45,342,581
4700,Several White,446.72,34,750
4701,Beat Street,166.37,182,561
4702,Toward Travel,40.18,110,272
4703,Note Nice,398.6,230,408
4704,Appear Recent,390.48,271,882
4705,House Billion,367.43,23,156
4706,As If,18.4,398,416
4707,Human Agreement,64.8,53,174
4708,Defense You,103.15,410,685
4709,Natural Hit,194.79,471,413
4710,Boy Speak,242.87,161,742
4711,Price Education,37.15,496,210
4712,Wait Particular,376.06,324,995
4713,Resource Care,378.81,215,644
4714,Analysis College,80.04,381,877
4715,Upon Instead,440.31,33,565
4716,Analysis Past,199.95,161,771
4717,Item Example,101.98,274,328
4718,Cost Now,275.31,170,193
4719,Can History,80.61,433,158
4720,Worker Land,352.97,430,728
4721,Movement So,419.05,489,953
4722,Across Technology,244.95,176,381
4723,Treat Scene,404.58,341,634
4724,Congress So,27.46,80,63
4725,Though Tax,83.0,5,131
4726,Everybody Carry,308.39,330,953
4727,Catch Scene,111.64,469,482
4728,Picture Others,496.69,18,821
4729,Newspaper Major,237.39,277,568
4730,Bank Under,59.91,134,268
4731,Know Get,473.91,337,834
4732,Build Feel,432.75,160,799
4733,Song Course,480.16,359,437
4734,Treatment Social,320.41,366,402
4735,Federal Avoid,253.42,212,46
4736,Least Ask,380.18,300,813
4737,Commercial Bar,224.91,461,888
4738,President Performance,223.11,98,795
4739,State Official,402.85,396,392
4740,Until Account,390.54,262,610
4741,Put Able,473.2,258,98
4742,Wide Total,359.9,74,220
4743,So Control,492.56,29,689
4744,Maintain Behind,274.3,78,395
4745,Resource Table,133.07,363,240
4746,Attorney Herself,96.27,354,501
4747,Capital Again,76.4,208,785
4748,Serious Keep,186.5,309,863
4749,Network About,300.58,493,301
4750,Hard Pm,393.68,88,621
4751,Think Least,266.73,110,959
4752,Middle Although,21.09,381,58
4753,Fight Message,209.99,287,14
4754,Section Painting,174.88,418,620
4755,International Produce,434.75,255,472
4756,Plant Between,187.73,344,776
4757,Already Election,135.36,351,352
4758,Treatment School,458.7,206,170
4759,Soon Nothing,299.69,280,479
4760,Soon If,113.7,363,243
4761,Resource Authority,174.24,286,372
4762,Specific Wear,446.47,414,165
4763,Someone Brother,13.84,81,880
4764,Lot General,56.34,112,293
4765,Cell Management,456.46,383,365
4766,Gas Evidence,438.54,256,171
4767,Fall Try,205.95,60,495
4768,Here Above,389.16,299,203
4769,Later Voice,231.21,67,800
4770,Beyond Deal,480.04,19,213
4771,Listen Happen,271.7,451,61
4772,Success Power,8.17,306,440
4773,Go Rather,341.38,210,727
4774,Probably Quickly,148.34,163,709
4775,Structure Section,19.06,97,799
4776,A Network,381.06,52,694
4777,Them Him,196.78,346,753
4778,Discuss Nothing,158.33,342,889
4779,Especially Evening,126.23,133,845
4780,Not Ago,131.36,185,54
4781,Fall Today,364.88,3,35
4782,Attention Lawyer,381.58,267,865
4783,Child Discussion,272.38,50,195
4784,Measure Employee,345.0,22,49
4785,Open Significant,48.17,158,46
4786,Pass Everyone,224.27,160,877
4787,Visit Prevent,153.62,304,284
4788,Method Maybe,193.76,269,788
4789,Fine Eight,143.13,444,72
4790,Wonder Ten,242.0,121,20
4791,Subject Eye,170.96,10,275
4792,Away Game,274.05,288,930
4793,Travel Idea,375.62,174,457
4794,Air Its,446.17,36,206
4795,Society Word,416.24,170,372
4796,Process Right,203.71,139,714
4797,Stay Past,127.14,210,313
4798,Become Drug,59.7,288,62
4799,General Instead,22.53,261,617
4800,Particularly Wear,427.81,69,673
4801,Event Sit,295.69,432,826
4802,Several Same,313.38,211,97
4803,Off Teach,178.1,346,335
4804,Today Another,465.42,380,273
4805,Kind Ten,303.02,277,83
4806,Two Agreement,94.93,408,122
4807,Speak Pick,98.79,44,11
4808,High Question,128.58,260,270
4809,Account Read,340.29,248,101
4810,Else Hospital,180.67,308,983
4811,Exist Beautiful,233.98,186,152
4812,Main It,28.89,106,978
4813,North Newspaper,95.52,444,763
4814,Force Fear,121.58,361,270
4815,Morning Style,119.86,153,105
4816,Improve Politics,53.65,454,163
4817,Food Risk,15.76,467,462
4818,Place Group,397.53,440,278
4819,One Seven,19.87,190,250
4820,Table Lay,304.7,499,56
4821,Response Set,304.51,460,985
4822,Without Marriage,497.65,114,554
4823,Fill Also,23.58,303,965
4824,Everybody Use,322.66,93,807
4825,Born Act,38.44,6,250
4826,Ask As,492.45,86,663
4827,Walk Candidate,222.77,485,121
4828,Two Force,158.55,458,886
4829,Whole Almost,446.81,494,31
4830,Sit Person,78.37,124,915
4831,Minute Ten,323.67,490,81
4832,Language Artist,122.21,73,230
4833,Garden Up,90.84,200,999
4834,Wear Data,235.85,176,862
4835,Along Very,319.87,176,796
4836,Forget Heavy,386.71,464,45
4837,Station Include,268.41,185,324
4838,Improve Attention,474.55,206,467
4839,Before Up,205.26,397,828
4840,Brother Arm,69.41,377,987
4841,Play Fire,267.68,86,825
4842,Section Effect,405.7,215,4
4843,Central Yourself,169.85,390,995
4844,Front Trouble,367.54,321,725
4845,Meet Enjoy,221.96,496,580
4846,President Drug,19.58,363,427
4847,Fund Image,121.01,451,925
4848,Suddenly Energy,106.73,90,365
4849,Analysis Blood,473.34,10,723
4850,Hour Lot,466.25,286,865
4851,Suddenly Art,17.13,135,588
4852,Reach Article,84.59,155,333
4853,Debate Onto,55.19,46,815
4854,Song Subject,209.74,245,328
4855,Through Different,350.18,251,486
4856,Place Option,160.72,380,152
4857,World Certain,387.63,258,937
4858,Evening Care,494.42,265,198
4859,Green Method,109.2,338,732
4860,School Thought,257.18,364,94
4861,Ahead Building,137.57,377,281
4862,Movie Mr,466.05,401,450
4863,Accept Pick,430.17,445,857
4864,Time Ability,442.74,225,156
4865,Seven Sort,464.98,444,476
4866,Fear Pay,36.6,403,152
4867,Carry Listen,406.35,426,153
4868,Thank Last,61.56,480,148
4869,Quality Alone,201.6,56,352
4870,Although Ok,299.79,282,538
4871,Various News,432.03,483,112
4872,World Marriage,258.61,267,467
4873,Trade Child,228.26,68,672
4874,Beautiful Myself,199.42,207,463
4875,Single Name,25.21,489,415
4876,Night True,155.98,252,322
4877,Huge Evening,258.49,24,734
4878,Second Young,196.99,443,907
4879,New Describe,50.48,1,138
4880,Listen Myself,436.3,288,137
4881,Production Other,110.89,135,835
4882,Accept Wrong,52.68,256,361
4883,New Best,33.29,58,718
4884,Article Movement,78.79,469,63
4885,Dog Be,13.87,170,313
4886,Suggest Fear,152.99,81,212
4887,Themselves By,45.74,306,218
4888,Camera Rate,303.69,100,943
4889,Reality Let,468.95,462,719
4890,Describe Future,374.3,258,196
4891,Kitchen Vote,30.71,107,635
4892,Show Future,383.41,230,580
4893,Role Yourself,37.4,419,385
4894,Fear From,187.93,52,175
4895,Later Style,86.85,292,629
4896,Rest Short,298.87,114,485
4897,Time Yet,297.53,68,662
4898,Help Prevent,336.26,194,183
4899,Population Mouth,289.34,144,816
4900,View Side,209.25,247,236
4901,Relate Into,455.91,173,11
4902,Finish Kind,425.16,333,152
4903,Price Together,11.12,418,619
4904,Million Raise,288.56,71,709
4905,Able Parent,337.36,21,51
4906,Fund Crime,257.1,178,664
4907,Fast Break,477.56,164,976
4908,Well Painting,122.4,170,650
4909,Break Similar,360.69,436,372
4910,Always Show,402.18,452,383
4911,Here Evidence,400.08,400,113
4912,Enough Sure,41.57,88,315
4913,Successful As,284.38,252,734
4914,This Low,49.32,171,353
4915,Quickly Truth,457.5,191,801
4916,Often Energy,115.35,3,796
4917,Conference Message,251.08,259,235
4918,Poor Itself,440.63,477,960
4919,Wonder Expert,267.23,60,224
4920,Opportunity Detail,135.74,72,592
4921,Low Best,282.39,310,995
4922,South True,346.53,227,44
4923,Image Discover,36.55,408,637
4924,It Develop,291.26,48,919
4925,Threat Quickly,268.02,409,370
4926,Body Professor,288.68,181,371
4927,Employee Customer,322.88,170,271
4928,Size Church,7.65,122,495
4929,Choice Bit,183.77,145,758
4930,Huge Data,154.33,441,415
4931,Success Nothing,87.88,45,556
4932,Name Run,138.63,446,74
4933,Deal West,71.81,67,771
4934,Action Capital,153.3,293,659
4935,Machine Six,425.73,237,905
4936,Such Fly,38.74,174,688
4937,Under Suggest,83.49,61,860
4938,Foreign Case,430.36,35,369
4939,Design Trial,130.24,148,736
4940,Realize Draw,135.29,70,133
4941,Interesting Buy,294.39,350,492
4942,Where High,248.73,360,661
4943,Level A,378.86,432,389
4944,Include Truth,394.61,84,766
4945,Safe Have,8.13,279,963
4946,Sign Hospital,38.64,202,806
4947,Meet Treat,191.01,343,854
4948,His Budget,189.24,310,434
4949,Week Son,198.17,235,387
4950,Food Trip,285.68,292,425
4951,Card His,276.08,103,681
4952,Religious Meet,477.03,259,461
4953,Environmental Against,174.91,499,971
4954,Apply Control,190.94,388,194
4955,Young Story,66.04,26,835
4956,Clearly Thousand,208.4,371,456
4957,Community Conference,14.52,350,542
4958,Anyone Theory,35.17,303,549
4959,Talk Firm,120.13,111,847
4960,Firm Speech,357.92,54,771
4961,Top Anyone,325.06,241,308
4962,Myself Argue,325.85,369,482
4963,Film Face,325.36,439,913
4964,The Month,51.88,22,673
4965,Than Method,164.78,161,379
4966,Write Theory,282.04,232,475
4967,Cell Economic,419.01,309,948
4968,Owner Very,434.92,412,972
4969,Source Evening,419.64,34,307
4970,Front Us,448.13,219,619
4971,Research Billion,402.36,53,343
4972,Exist Stuff,303.37,117,857
4973,Take May,328.36,208,413
4974,Local Others,443.6,113,104
4975,Present Minute,310.6,350,364
4976,Between Food,55.28,403,966
4977,As Expert,257.52,231,225
4978,Security Itself,485.18,101,743
4979,Want Her,314.72,484,530
4980,Kind Middle,158.92,266,718
4981,Rather Method,103.08,467,873
4982,Describe Theory,164.48,373,416
4983,Bank Process,219.29,370,677
4984,These Dark,86.43,261,904
4985,Discover Great,234.15,224,101
4986,Over Visit,486.05,320,933
4987,Really Number,495.0,301,683
4988,Letter Magazine,352.26,306,690
4989,Operation Figure,26.51,49,461
4990,Technology Property,256.09,78,597
4991,Step Check,359.92,362,266
4992,Environmental Else,276.71,303,855
4993,Summer Development,169.96,460,279
4994,Local Congress,256.49,163,107
4995,Once Truth,168.01,225,837
4996,Reality Sound,482.92,391,223
4997,Pick Carry,99.17,78,687
4998,Very Draw,325.71,260,436
4999,Player Present,31.94,2,863
5000,Leave Mr,260.65,429,718
5001,Great Always,413.26,91,732
5002,Those Difference,50.41,68,502
5003,Task Claim,324.98,196,90
5004,Ask Military,411.18,485,72
5005,Go Common,97.91,163,581
5006,Meeting Media,54.94,129,812
5007,That Surface,32.97,191,127
5008,Will Be,130.04,213,217
5009,Field Day,121.16,380,722
5010,Occur Bill,315.57,44,349
5011,Thing Really,434.92,235,668
5012,About Day,17.63,463,858
5013,Conference Purpose,185.69,167,703
5014,Dark Impact,362.24,176,878
5015,Generation Likely,372.86,353,97
5016,His Go,216.71,339,942
5017,Anyone Tell,126.94,203,263
5018,Answer Dream,201.97,484,601
5019,Reduce Science,159.86,295,69
5020,Hundred Generation,419.84,63,840
5021,Million Response,359.96,246,629
5022,Space Early,372.94,102,500
5023,Force Bank,450.21,392,448
5024,Once Mr,241.71,211,330
5025,Cover Top,459.15,102,134
5026,Identify Own,251.53,211,160
5027,Lay Major,462.65,197,863
5028,Trade Cup,135.16,454,934
5029,Clearly Continue,282.53,122,53
5030,Little Party,34.83,58,11
5031,Who Anything,42.24,222,307
5032,Wide Purpose,134.52,375,600
5033,Ok Recent,176.03,83,662
5034,Act Fund,273.46,345,538
5035,Man Most,109.57,332,746
5036,Whole Loss,118.87,168,39
5037,Newspaper Help,326.94,144,825
5038,Among Treatment,358.03,36,893
5039,Cost Ability,475.51,229,50
5040,School Base,275.38,173,869
5041,And Speech,471.51,201,445
5042,Gun Cut,457.25,147,763
5043,Over Doctor,236.06,169,93
5044,Then Eat,481.68,37,182
5045,Picture Situation,233.98,30,987
5046,Push Prove,186.01,183,225
5047,Collection Whom,153.74,262,479
5048,Work Piece,408.31,468,900
5049,Star Black,374.69,69,497
5050,Between Make,162.42,309,344
5051,Leader Church,424.15,494,489
5052,How Part,207.28,187,699
5053,Maybe Six,385.76,491,456
5054,Situation Sure,33.65,221,401
5055,Economic Prevent,486.5,72,338
5056,Property Authority,361.52,389,165
5057,Can Clear,474.03,384,95
5058,History Board,170.75,170,209
5059,Look Heart,372.92,119,566
5060,Best Fund,259.63,228,559
5061,Blue Lose,10.01,461,830
5062,Eight Beyond,59.6,242,649
5063,Second Attack,472.44,435,40
5064,Character Physical,128.35,416,187
5065,Front Field,226.23,395,999
5066,Already Room,410.83,220,229
5067,Push Service,365.26,198,98
5068,Capital Share,377.67,222,141
5069,Morning Product,419.83,339,568
5070,Word Bank,282.86,64,247
5071,Make Case,356.37,122,62
5072,State Set,285.85,441,60
5073,Join Baby,306.28,441,849
5074,Daughter Easy,81.26,131,458
5075,Lose Deep,407.13,478,872
5076,Join East,23.74,102,17
5077,Message Difficult,213.4,358,519
5078,Community Glass,460.61,223,80
5079,Area Movement,190.58,280,433
5080,Sometimes Director,253.75,303,566
5081,Network Job,419.09,123,187
5082,Respond Stuff,414.22,196,442
5083,Citizen Type,43.79,435,653
5084,Republican Cold,66.3,125,748
5085,Recently Enjoy,102.75,408,478
5086,Left Only,433.05,54,127
5087,Subject Degree,450.89,338,907
5088,Form Story,463.45,24,861
5089,Particularly Century,165.35,3,248
5090,Court Position,319.95,310,78
5091,Movie Special,207.45,490,305
5092,Bed Old,375.59,8,688
5093,Collection Leg,392.37,452,424
5094,Son Bank,156.41,353,584
5095,Television Must,46.86,161,586
5096,Either Find,152.95,435,996
5097,Less Service,113.1,368,133
5098,Action Organization,421.71,327,612
5099,Speak Sea,128.43,249,672
5100,Including Wind,211.51,433,625
5101,Trouble Put,367.47,412,200
5102,Listen Exactly,401.33,126,112
5103,Explain Performance,206.48,339,892
5104,Child Issue,250.95,256,812
5105,Contain Agency,378.11,318,269
5106,Former News,134.89,14,75
5107,Design Mission,397.93,96,372
5108,Situation Plant,187.21,41,713
5109,Own So,14.77,115,613
5110,Plan Sister,296.62,369,901
5111,Of Establish,327.44,195,512
5112,Late Include,225.65,267,151
5113,From Food,441.43,349,132
5114,Window Create,392.02,430,811
5115,Price Off,157.85,464,713
5116,Upon System,403.98,439,916
5117,Like Glass,462.64,419,852
5118,Realize System,294.88,85,69
5119,Street Indicate,345.73,431,689
5120,Us Type,212.34,462,701
5121,Body At,436.34,9,824
5122,Quality Teacher,113.57,396,911
5123,Product Tough,31.96,53,899
5124,Order City,149.56,9,139
5125,Pay Consider,161.14,145,919
5126,Who Method,185.08,39,344
5127,Decision Ball,348.88,460,112
5128,Town Year,273.45,341,412
5129,Hard Service,134.01,274,122
5130,Far Report,105.09,331,154
5131,Maybe Particularly,121.0,369,342
5132,Heart Human,130.51,256,520
5133,Republican Board,349.31,46,218
5134,Information American,33.51,391,819
5135,Group Physical,188.44,441,443
5136,At Pick,152.63,83,192
5137,Sound Tax,469.03,340,511
5138,Fly Ability,9.26,224,758
5139,Thing Through,347.6,419,51
5140,Mention Later,373.54,465,178
5141,Test Walk,418.27,433,620
5142,Community Cut,230.89,467,754
5143,Police Decide,299.77,236,452
5144,Language Usually,489.36,210,924
5145,Difference Still,297.17,435,112
5146,Amount Business,216.71,336,788
5147,Its Tree,180.62,133,964
5148,Local Little,9.26,247,240
5149,City Soldier,155.65,12,201
5150,Against Simply,177.51,428,107
5151,Growth Rock,479.76,165,398
5152,Try Ahead,182.24,297,881
5153,Others Throw,149.42,496,166
5154,Mind Star,118.47,195,162
5155,Else Myself,84.44,316,762
5156,Whose The,241.58,82,923
5157,Letter Police,278.12,117,788
5158,Stage Analysis,154.24,412,987
5159,Identify Good,95.95,20,362
5160,Bit Player,95.69,56,862
5161,Nation Discuss,371.41,104,271
5162,Sense State,14.73,265,345
5163,Star Return,362.81,97,827
5164,Heart Share,55.04,72,774
5165,Sit Modern,340.87,418,89
5166,Happen Yard,261.26,289,485
5167,Own Understand,325.82,288,718
5168,Television Meeting,223.28,489,938
5169,By That,483.88,396,224
5170,Gun Forward,445.21,203,325
5171,Form Air,81.44,344,174
5172,Home Fly,426.66,295,109
5173,Stuff Take,352.15,261,529
5174,Adult Series,165.78,195,209
5175,From Next,55.98,254,38
5176,Look Difference,199.81,402,950
5177,Happy Appear,223.88,17,266
5178,Election Team,215.28,480,836
5179,As So,122.51,275,147
5180,Director Discuss,301.08,484,493
5181,Recently City,368.74,256,933
5182,Certain Only,31.91,135,472
5183,Professor Machine,338.11,24,390
5184,Almost Edge,327.02,411,808
5185,Finally Oil,172.96,234,364
5186,Put With,426.27,428,614
5187,Need Throughout,265.36,417,579
5188,Financial General,219.77,300,285
5189,Individual Family,416.9,209,425
5190,Lay Television,82.64,345,905
5191,Side Everything,156.78,300,702
5192,Her Model,69.69,106,754
5193,Business Station,164.81,170,643
5194,Election Want,52.52,140,244
5195,Dog Sign,351.04,233,345
5196,College Republican,253.66,169,574
5197,Modern Soon,445.6,4,948
5198,Stand Time,215.57,422,129
5199,Board Medical,354.36,51,881
5200,Someone Voice,14.09,244,429
5201,Likely Million,135.16,113,910
5202,Base Single,123.08,123,935
5203,Yet Hear,90.18,239,157
5204,Of Billion,164.13,201,292
5205,Lead Positive,235.09,78,142
5206,Never Century,255.96,73,617
5207,Detail Fall,262.79,180,66
5208,Cut Half,486.28,207,787
5209,Share Discussion,191.42,183,164
5210,Court Than,385.0,466,770
5211,Participant Drug,195.43,73,341
5212,Land Film,32.63,460,214
5213,Reflect Conference,493.47,260,657
5214,Long Carry,452.79,271,475
5215,Arrive Win,179.05,206,837
5216,Miss Bank,146.32,224,221
5217,Drug Enter,306.48,165,999
5218,Court Mr,130.04,178,934
5219,Notice Morning,357.2,150,945
5220,Look Contain,40.87,16,228
5221,Right Visit,441.75,151,788
5222,Mother College,210.22,163,893
5223,Close Capital,183.74,200,421
5224,Society Anything,11.15,300,798
5225,Book Player,491.99,365,351
5226,Note Save,311.18,239,663
5227,Ability Agent,231.69,71,880
5228,Phone International,441.85,125,19
5229,When Investment,280.3,374,682
5230,Act Single,352.79,478,12
5231,The Fact,452.35,152,438
5232,Particularly Artist,172.18,205,377
5233,Indeed Occur,493.63,470,60
5234,Firm Table,407.55,221,985
5235,This Response,321.81,248,255
5236,Poor Miss,104.16,385,283
5237,However Help,418.99,286,699
5238,Evidence Growth,235.64,486,648
5239,Degree Safe,154.53,269,765
5240,Pretty Account,339.32,141,160
5241,Born Night,403.66,373,397
5242,Gun Least,432.69,263,530
5243,Try Economic,150.39,458,144
5244,Relate Form,467.79,460,765
5245,They History,206.42,14,404
5246,Reflect President,475.52,468,130
5247,Man Break,318.47,277,748
5248,Almost We,195.64,382,737
5249,Likely Four,498.68,175,10
5250,Civil Start,286.18,488,569
5251,Radio Foreign,325.94,36,46
5252,Himself Senior,479.14,82,329
5253,Get Foreign,322.77,270,239
5254,Official North,50.19,440,807
5255,Book Modern,281.82,192,314
5256,Author Structure,327.38,404,479
5257,Help On,128.71,370,262
5258,Piece Hot,165.33,332,814
5259,Hot Once,51.75,486,133
5260,Tend Board,109.87,168,351
5261,Nothing Much,393.57,251,619
5262,Leg Especially,16.07,180,182
5263,Particular Oil,117.92,176,532
5264,Produce Sister,374.61,291,471
5265,History Help,192.04,272,616
5266,Must Bar,417.66,117,167
5267,Myself Opportunity,211.72,95,934
5268,Network Give,303.39,341,728
5269,Brother Story,427.4,34,598
5270,Trip Left,332.89,105,753
5271,Lay Student,428.98,433,581
5272,Notice Floor,165.66,299,604
5273,Threat Animal,275.98,27,119
5274,Student Public,311.87,443,92
5275,Among By,202.35,190,161
5276,Professional Wonder,498.96,152,689
5277,Garden Know,220.56,24,449
5278,Story Long,53.1,458,705
5279,Sell Sound,177.6,320,491
5280,Both Culture,17.37,7,424
5281,Approach Southern,486.25,133,776
5282,Rise While,255.95,433,702
5283,Draw Bit,73.01,451,555
5284,Management Same,468.46,390,45
5285,Professional Over,361.74,344,578
5286,Identify Range,15.92,222,653
5287,Want Event,319.36,177,604
5288,Remember Right,127.19,4,259
5289,Describe Detail,214.62,222,366
5290,Wind Across,393.26,273,996
5291,Great Approach,496.72,76,907
5292,Name Rate,464.58,326,303
5293,Section Huge,344.65,496,646
5294,Voice Size,116.88,199,628
5295,Last Growth,483.57,178,207
5296,Just Enter,466.62,459,791
5297,Check Pick,193.79,363,361
5298,Foot Seven,108.97,50,811
5299,Impact Writer,85.64,214,65
5300,Example Better,398.33,52,904
5301,Miss Information,410.3,152,305
5302,Too Its,427.36,83,622
5303,Get Question,140.97,63,127
5304,Example Claim,15.42,285,743
5305,Join This,31.88,157,694
5306,There Though,495.03,210,601
5307,Better Stock,281.73,476,827
5308,Defense Contain,34.16,122,650
5309,Against Meeting,378.65,232,649
5310,Worker Room,33.78,424,59
5311,Director Hair,171.99,77,843
5312,Artist Save,495.96,180,955
5313,Form Reveal,456.41,209,205
5314,Most Training,485.26,356,231
5315,Card Pattern,119.85,99,896
5316,May Increase,407.45,82,301
5317,Necessary Also,423.08,399,614
5318,Agency Begin,264.08,39,425
5319,High Such,289.83,437,585
5320,Agreement Sell,91.49,390,609
5321,Society Board,469.81,433,789
5322,Test Note,340.25,422,764
5323,Mr Matter,101.39,423,609
5324,Power Myself,19.32,253,956
5325,Employee Draw,382.05,240,376
5326,Defense Picture,387.26,405,181
5327,Mind Air,8.69,225,4
5328,Lay Inside,72.44,6,998
5329,Whose Power,14.68,29,86
5330,Town Black,75.01,371,262
5331,Usually Not,220.82,492,644
5332,Manager Everything,304.52,170,144
5333,Loss Which,311.44,261,456
5334,Long Bill,318.34,216,234
5335,Think Fill,454.75,487,970
5336,Add Ability,388.46,454,16
5337,Run Mrs,470.33,471,607
5338,Because Wait,79.02,21,255
5339,Ever Five,262.65,306,245
5340,Finish Guy,449.43,28,45
5341,Term Yard,462.1,128,12
5342,Hospital Where,420.69,256,331
5343,Economic No,149.05,354,651
5344,Someone Policy,35.38,195,468
5345,Democrat Manager,397.23,331,601
5346,However Safe,66.49,58,399
5347,Travel Issue,402.53,307,336
5348,Executive Guess,55.5,469,908
5349,Structure High,129.91,375,242
5350,Shake Require,299.79,269,379
5351,Maintain Allow,371.43,411,323
5352,Data Attention,44.51,129,181
5353,Kind Water,119.95,246,785
5354,Military Return,33.61,51,794
5355,Pick Write,328.39,480,729
5356,Eight Sort,423.0,218,799
5357,Record Large,120.5,483,53
5358,Good Sport,268.47,75,861
5359,Everyone Surface,343.54,446,442
5360,Number Share,458.65,458,795
5361,Table Up,267.89,194,844
5362,Skill Find,133.23,105,658
5363,Same Deep,349.84,299,750
5364,Bad Me,481.24,446,662
5365,Federal Of,169.98,356,246
5366,Ready There,286.85,282,892
5367,Can Whatever,270.44,296,785
5368,Keep System,169.49,356,758
5369,Do Research,362.91,162,312
5370,Him Town,139.13,185,140
5371,Western On,62.08,404,754
5372,After Reality,461.58,454,932
5373,Size Machine,10.1,386,260
5374,Each After,361.65,351,969
5375,Color Miss,440.58,73,257
5376,Name Series,348.79,155,180
5377,It Six,313.29,204,7
5378,Heavy Approach,476.57,293,216
5379,Bad Admit,442.82,392,733
5380,General Run,395.99,348,489
5381,Home Couple,420.0,39,618
5382,Body Strong,151.8,177,414
5383,Fast Great,271.02,146,323
5384,Yard All,482.45,440,788
5385,List Right,9.38,457,732
5386,Owner Interest,60.51,313,843
5387,Nature Case,467.83,413,389
5388,Analysis Rest,407.1,500,322
5389,Read Personal,371.71,94,219
5390,Thus Successful,460.91,99,996
5391,Money Point,62.82,345,924
5392,Table Congress,267.28,331,153
5393,Skin Minute,125.63,144,884
5394,Protect Record,191.64,246,544
5395,Outside Company,27.78,171,827
5396,Simply Of,497.07,9,255
5397,Energy After,394.19,352,808
5398,Near Turn,262.59,485,869
5399,Often Information,299.39,370,779
5400,North Notice,128.0,243,97
5401,Food Federal,117.42,272,916
5402,Which Education,441.78,448,406
5403,Maintain Treat,229.22,196,19
5404,Onto Exactly,337.3,170,879
5405,If Herself,164.21,369,291
5406,None Minute,198.23,47,690
5407,Probably Send,89.94,19,393
5408,Majority Wish,451.4,163,452
5409,Very Wall,89.09,17,745
5410,Medical Gas,248.89,61,675
5411,Wall Case,171.83,310,856
5412,Day Glass,206.18,112,552
5413,Base To,434.84,219,866
5414,Staff Him,28.71,452,967
5415,Onto From,66.89,447,662
5416,Person Audience,436.0,73,863
5417,Certainly Indeed,242.72,337,133
5418,Lead Along,383.18,387,819
5419,Board Base,314.74,271,180
5420,Because Somebody,136.81,312,159
5421,Agreement Time,356.48,388,708
5422,Help Bit,32.19,273,942
5423,Forward Phone,358.18,275,875
5424,We Local,96.09,55,277
5425,Gas Through,402.17,403,287
5426,Leave Major,442.83,360,1000
5427,Consider Doctor,317.03,128,166
5428,Way Rock,460.69,493,196
5429,Just Necessary,210.59,341,358
5430,Edge Probably,340.13,202,960
5431,Career Food,409.87,360,284
5432,They Kitchen,15.86,200,635
5433,Nice Toward,396.91,407,868
5434,Win How,253.14,10,234
5435,Answer Bag,84.69,24,157
5436,Away Worker,394.82,82,436
5437,List Live,12.05,231,573
5438,None Song,479.87,203,885
5439,Small No,279.69,407,272
5440,Set Tv,68.55,454,859
5441,Ball Discussion,351.22,118,196
5442,Positive Whatever,372.92,232,169
5443,Month Beautiful,476.15,260,919
5444,Firm International,89.56,45,484
5445,Deep Various,288.0,462,976
5446,Without After,413.06,327,107
5447,On Season,492.36,353,587
5448,Like American,168.86,211,884
5449,Catch Leader,358.53,405,557
5450,Chance Lay,424.34,36,252
5451,Himself Away,8.04,257,244
5452,Available Kid,58.21,364,411
5453,Reveal Eat,6.5,152,412
5454,Situation Treat,473.67,344,166
5455,Vote In,22.54,364,959
5456,Action Good,137.86,228,821
5457,Tend As,111.64,58,408
5458,Away End,360.69,376,5
5459,Traditional Lose,154.85,96,979
5460,Apply Meeting,112.33,96,834
5461,Front Few,66.96,246,132
5462,Visit Language,96.31,204,398
5463,Scene Then,258.42,428,779
5464,Evening Clearly,425.14,442,541
5465,Bit Better,343.34,479,299
5466,Agreement Start,30.21,32,993
5467,Your Machine,207.83,138,846
5468,Health Page,285.88,86,716
5469,Could Quite,158.66,126,417
5470,Some Source,49.63,300,369
5471,Congress Season,184.88,72,472
5472,Rather Every,209.59,323,994
5473,Pretty Good,434.91,454,789
5474,Admit Several,496.73,41,729
5475,Practice Accept,97.07,6,728
5476,Remain White,423.81,142,785
5477,Must Edge,368.73,224,840
5478,Sister Form,481.18,197,404
5479,My Sing,305.36,355,126
5480,Current Return,154.24,8,435
5481,Work Wall,309.55,34,92
5482,Ask Else,351.46,332,667
5483,Of Different,292.5,143,926
5484,Ready Peace,36.13,432,28
5485,Despite Leave,289.89,270,648
5486,Space Foot,292.56,9,270
5487,Less Pressure,126.9,31,807
5488,Example Hospital,438.66,213,455
5489,Hope Wish,489.39,307,38
5490,Not New,270.14,138,803
5491,Discussion The,408.51,235,377
5492,Strategy Natural,110.63,249,699
5493,Step Eat,350.35,364,251
5494,System Carry,83.66,432,218
5495,Successful Pattern,322.46,52,230
5496,Accept Ahead,399.18,458,252
5497,Store Trial,463.19,176,357
5498,Spring Admit,159.0,480,706
5499,Phone Lot,466.03,99,370
5500,Cost Author,405.32,413,939
5501,Play Officer,450.04,488,95
5502,Keep Sense,163.7,223,475
5503,System Great,165.6,364,491
5504,Unit Town,136.29,326,766
5505,Figure Administration,16.41,479,6
5506,Seat Space,335.27,353,833
5507,Rule System,431.81,89,782
5508,Condition Raise,136.57,34,181
5509,Short Read,252.15,161,876
5510,Blood Take,442.55,340,784
5511,Mission Customer,332.77,154,552
5512,Him Always,348.91,307,631
5513,Him Between,125.13,173,382
5514,Deal Example,413.84,362,217
5515,Bed Wrong,284.82,439,363
5516,Medical Without,199.12,180,584
5517,Certain Buy,147.81,474,291
5518,Return Far,167.8,62,825
5519,Identify Leader,7.44,464,688
5520,Remember Its,221.7,37,59
5521,Civil Watch,378.19,154,35
5522,Discussion Into,214.11,311,560
5523,Quality Form,363.74,84,886
5524,Economic Present,348.95,482,198
5525,Consider Item,46.41,262,792
5526,Cell Eat,57.94,131,405
5527,American Fact,486.15,16,174
5528,Place Price,150.95,372,372
5529,Deep Fight,444.55,481,185
5530,Cell Hotel,358.42,86,395
5531,Identify Decade,329.56,315,500
5532,Claim Health,321.78,52,836
5533,Agent Concern,45.59,72,272
5534,Sense Since,343.09,3,863
5535,Ok Land,417.15,453,15
5536,Growth Buy,223.49,43,563
5537,Hair National,385.07,311,384
5538,Development Game,150.82,94,572
5539,Cost House,55.82,424,734
5540,Health Present,239.8,222,348
5541,Indeed Human,447.78,225,514
5542,Painting Mind,345.87,37,188
5543,Base Concern,191.05,255,285
5544,Allow People,35.06,93,975
5545,Seem Spring,303.61,186,944
5546,Yard Over,436.2,462,889
5547,Impact High,141.1,322,572
5548,Keep Share,75.15,143,971
5549,Food Standard,372.33,134,910
5550,Point Catch,137.27,220,65
5551,Position Deal,399.74,17,690
5552,Small Account,112.72,491,258
5553,Majority Stuff,21.13,150,69
5554,Which Statement,228.65,34,472
5555,Mother Director,69.04,358,469
5556,Society Short,370.44,481,558
5557,Stuff Reduce,308.91,465,175
5558,Skill Security,32.97,108,366
5559,Who Tonight,379.49,343,215
5560,Whether College,427.82,398,808
5561,Full Product,109.36,110,990
5562,Buy Standard,37.95,217,378
5563,Option Eye,187.07,304,398
5564,Television Policy,310.59,211,21
5565,Husband Current,226.71,237,587
5566,Money Need,324.44,148,79
5567,Much Nation,316.66,135,659
5568,Picture Successful,185.05,52,742
5569,Decide Talk,120.3,409,47
5570,Since Both,332.82,176,437
5571,Small Poor,442.59,226,230
5572,Send Bit,457.83,334,300
5573,Nation Evening,434.23,238,704
5574,Watch Radio,449.22,457,549
5575,Budget Cold,236.93,431,338
5576,Court Nation,413.54,439,937
5577,College Not,188.69,47,465
5578,Support Area,418.9,329,154
5579,Wrong Since,162.8,285,183
5580,Sport Enjoy,481.06,281,193
5581,Hard Feel,406.44,234,294
5582,Contain Bag,29.61,145,924
5583,At Professional,247.81,311,26
5584,Reason Factor,28.81,271,755
5585,Education Although,490.12,437,127
5586,Force Minute,263.29,380,831
5587,My Stuff,249.12,269,78
5588,Medical Develop,249.84,288,205
5589,Anyone College,107.7,211,643
5590,Able Off,332.24,498,750
5591,Job Blood,112.21,374,458
5592,Tax Sister,147.97,443,154
5593,Still Executive,168.66,392,183
5594,Under Message,317.7,70,412
5595,Agreement Financial,313.8,22,322
5596,Finally Expect,319.16,212,826
5597,Congress Forward,25.72,87,450
5598,Fast Finally,163.12,59,77
5599,True Appear,401.48,483,380
5600,Property Effect,324.93,401,455
5601,Author Learn,92.81,332,292
5602,Laugh Staff,478.56,448,158
5603,Paper Fly,92.14,450,835
5604,Direction Win,94.35,451,737
5605,Question Opportunity,182.62,490,378
5606,Scientist Often,10.1,450,272
5607,Theory Fly,10.89,390,644
5608,Worker Reveal,106.0,466,767
5609,Unit Both,190.52,276,896
5610,Lead Republican,174.37,128,870
5611,Threat Hot,17.12,199,743
5612,Race Debate,209.61,38,615
5613,Body Maybe,145.92,98,233
5614,Too Some,271.71,140,904
5615,Accept Not,222.73,441,21
5616,Voice Threat,485.96,372,385
5617,American Car,261.44,299,643
5618,Fear Less,484.09,226,811
5619,Market Actually,122.13,323,452
5620,Author Structure,243.43,342,332
5621,Goal Still,429.03,147,621
5622,Total Discussion,488.19,3,809
5623,Best Method,295.61,330,722
5624,Own Job,106.74,316,634
5625,Address Structure,176.42,493,420
5626,Information You,288.71,60,852
5627,Discover Find,20.16,49,259
5628,Claim Mother,202.37,144,617
5629,Enough Step,244.6,476,801
5630,Fall Nearly,194.3,449,611
5631,About Why,141.22,365,382
5632,Behind Wind,480.98,358,486
5633,Color When,419.26,464,792
5634,Season If,347.14,264,334
5635,Exist By,425.95,120,873
5636,Growth Pick,12.63,326,927
5637,Low Remain,225.22,250,933
5638,Everybody Especially,275.87,157,54
5639,Great Bad,428.52,241,283
5640,Purpose Event,366.38,281,992
5641,The Page,157.95,187,100
5642,Often Sure,155.05,83,611
5643,Series Across,311.86,463,988
5644,Election Be,262.94,278,160
5645,Hit Section,327.9,357,479
5646,Or Nation,413.27,311,533
5647,Large Material,11.28,332,160
5648,Morning Consumer,115.78,127,782
5649,Glass Risk,484.77,268,574
5650,Under Mrs,482.12,413,921
5651,Four Professional,479.74,109,132
5652,Policy Crime,257.82,446,101
5653,Order Themselves,466.02,139,26
5654,Then Entire,19.73,158,990
5655,Song Reason,258.95,21,566
5656,Treatment Lay,328.46,364,249
5657,As Then,7.56,114,842
5658,Item Owner,106.59,202,398
5659,Across Partner,368.42,208,473
5660,Provide Personal,287.49,219,855
5661,Likely Low,366.02,110,901
5662,Young Security,475.75,337,77
5663,Teacher Central,320.76,189,423
5664,Bag Network,349.98,496,52
5665,Art Service,225.03,285,785
5666,Understand Model,370.48,14,805
5667,Write Knowledge,48.0,194,473
5668,Pick East,18.77,315,811
5669,Population Treatment,341.9,383,312
5670,Grow Late,482.98,199,281
5671,Model Generation,65.42,63,771
5672,Price Eye,496.41,296,773
5673,Wrong Start,274.77,183,45
5674,Present Serve,139.55,272,458
5675,Officer Travel,160.89,359,27
5676,Expert Reality,255.89,32,942
5677,New Major,258.04,488,66
5678,Would Eight,46.81,6,676
5679,Such Card,228.94,242,105
5680,Laugh Production,321.6,329,774
5681,Individual Education,381.2,397,811
5682,Kid Couple,39.53,276,289
5683,Resource Bank,191.96,299,288
5684,Consumer Play,462.16,45,464
5685,Wish Growth,54.37,29,744
5686,Environment Traditional,309.64,259,963
5687,Red Open,52.18,240,55
5688,Night Ahead,88.11,70,147
5689,Three Husband,331.94,96,322
5690,Responsibility Voice,438.17,276,531
5691,Keep Sister,40.47,2,225
5692,Professor Music,491.6,269,653
5693,Could Other,454.7,412,374
5694,Each Unit,45.4,51,624
5695,Size Listen,99.96,396,875
5696,Among Two,138.42,435,916
5697,Public Single,178.05,249,704
5698,Have Believe,446.62,69,282
5699,Often National,484.74,328,996
5700,Water Land,23.48,362,674
5701,Sometimes Describe,485.1,174,359
5702,Medical Image,250.24,72,408
5703,Production Member,82.89,416,901
5704,Condition Member,12.77,35,214
5705,About Late,440.69,65,470
5706,Change Against,35.19,187,280
5707,Their Always,316.0,370,303
5708,Training Answer,460.03,493,159
5709,Wall Big,352.63,64,75
5710,National Friend,401.56,377,643
5711,Place Million,205.39,445,51
5712,Reason Act,100.86,320,62
5713,Small Consumer,308.63,99,290
5714,Put Beautiful,54.38,460,276
5715,Line Dog,308.1,154,566
5716,Fire Trade,19.97,48,515
5717,Between Fight,258.76,56,466
5718,Discussion How,432.04,137,689
5719,List Paper,301.19,460,542
5720,Movement Song,320.36,197,290
5721,Trouble Card,77.77,16,576
5722,Nor Network,445.43,281,401
5723,Reflect Many,234.14,151,265
5724,Surface Executive,416.58,263,407
5725,Model Accept,242.23,96,762
5726,Carry Purpose,454.12,27,423
5727,Nearly Individual,18.65,113,547
5728,Call Include,418.3,231,965
5729,Thought View,397.96,176,103
5730,Win Prepare,282.27,499,137
5731,Democratic Six,187.49,367,828
5732,Young Artist,260.04,463,478
5733,Wife Thing,74.36,75,97
5734,Management Knowledge,415.71,41,821
5735,Help Director,356.59,169,188
5736,Else Speak,47.26,4,536
5737,Shoulder Mission,73.75,480,775
5738,Worker Interest,123.97,367,879
5739,Hour Environmental,150.46,128,769
5740,Play Doctor,226.84,393,167
5741,But Measure,187.96,274,547
5742,Whether Why,229.58,138,328
5743,Position From,281.49,81,133
5744,Rule White,334.0,492,982
5745,Television Test,197.27,335,210
5746,Where Late,457.21,332,391
5747,Front Fall,246.44,82,740
5748,Task Foot,272.76,9,634
5749,Person Tend,87.97,319,690
5750,Wish Material,365.85,74,643
5751,Born How,147.77,398,240
5752,Course Try,43.75,220,510
5753,Speech Minute,460.48,208,390
5754,Last North,367.35,330,989
5755,Idea Everybody,281.46,418,895
5756,Enjoy Newspaper,261.2,336,750
5757,Happen Share,383.21,199,573
5758,Occur Strategy,110.51,211,18
5759,Yes Decide,263.95,281,522
5760,Science Think,183.54,363,111
5761,Opportunity Arrive,370.88,381,815
5762,Our Edge,70.56,260,887
5763,Leave Describe,255.6,343,148
5764,Trip Attention,45.02,159,400
5765,Food Conference,137.83,474,550
5766,Coach During,442.92,481,859
5767,Hope Language,311.76,50,585
5768,Series Strategy,71.5,129,394
5769,Early Above,293.64,438,774
5770,Hot Around,131.06,125,176
5771,Suggest Bed,54.5,444,132
5772,Something Gun,435.44,48,250
5773,Eat Lay,137.85,139,956
5774,Hospital Project,421.12,112,384
5775,Pattern Interest,377.17,381,21
5776,Community She,403.8,328,82
5777,He Face,403.12,102,569
5778,Body Support,194.11,134,76
5779,Some Culture,490.99,220,902
5780,Concern Me,439.86,343,100
5781,Always Two,171.07,235,378
5782,Stage Station,188.95,141,656
5783,Year World,456.13,319,972
5784,Sell Smile,36.67,31,4
5785,Discuss Brother,259.35,88,311
5786,Fact Quality,139.1,170,345
5787,Send Thousand,337.24,374,531
5788,Bag Response,398.3,213,364
5789,Choice Certainly,33.49,261,892
5790,Take Might,397.19,311,356
5791,Republican Finally,162.57,362,224
5792,Expect Price,17.0,162,805
5793,Dinner Movie,477.89,59,162
5794,Detail Reason,397.26,390,779
5795,Tend Before,396.35,383,103
5796,Feeling Modern,463.44,191,721
5797,Stand No,230.49,446,942
5798,Wife Traditional,285.75,337,511
5799,Talk But,31.75,206,828
5800,Study Realize,399.45,125,60
5801,Attorney Dream,262.54,335,119
5802,Process Thing,177.22,253,51
5803,Design Movie,67.01,300,316
5804,Huge Site,51.47,387,23
5805,Body Minute,498.73,98,97
5806,Four Run,102.78,183,718
5807,Weight Attorney,105.05,450,820
5808,City Late,36.94,252,708
5809,Day Family,104.41,406,135
5810,Company Simple,286.7,186,919
5811,Everybody Agency,391.93,236,392
5812,Well Community,408.15,255,662
5813,One Word,75.22,335,678
5814,Charge Scientist,302.58,420,852
5815,Do Mission,477.44,188,557
5816,End Can,461.7,421,947
5817,Themselves Either,27.34,128,723
5818,Fund Right,216.83,83,899
5819,Office Serve,279.19,279,216
5820,Only Last,236.87,324,26
5821,Record Others,271.51,179,276
5822,Arrive Subject,236.04,444,951
5823,Contain Relate,376.1,82,661
5824,Coach Small,144.45,266,933
5825,Case Manager,6.23,316,814
5826,Soldier People,233.55,432,460
5827,Growth List,41.79,241,61
5828,Man Professor,198.18,41,198
5829,Good May,228.91,332,558
5830,Property Discussion,322.41,240,243
5831,Oil Finish,48.51,255,633
5832,Fly Culture,92.45,126,32
5833,With Theory,149.65,62,785
5834,Since Go,494.55,389,608
5835,Song Kind,139.49,366,939
5836,Energy Green,152.51,4,169
5837,Section Third,370.57,379,481
5838,Song Friend,299.23,316,416
5839,Those Democrat,453.67,331,649
5840,Our Himself,296.55,319,395
5841,Piece Hear,196.94,349,673
5842,Keep Turn,109.47,292,249
5843,Public Let,370.82,164,907
5844,Store Age,204.79,467,555
5845,Point Less,484.97,97,959
5846,Remember Participant,172.1,389,196
5847,Career Article,346.86,292,899
5848,Attorney Center,282.91,486,291
5849,Cell Hundred,342.32,53,971
5850,Letter Set,421.46,473,542
5851,Agent Rich,173.75,159,130
5852,Agree Star,379.32,3,108
5853,Just Both,241.45,430,227
5854,Bank Other,109.55,88,340
5855,Ability Seek,272.62,446,317
5856,Chance Federal,55.63,271,886
5857,Toward Relationship,149.16,259,383
5858,Pass Forward,297.0,486,872
5859,Stay Physical,163.53,324,255
5860,Democrat Establish,171.98,464,617
5861,Various Age,119.71,300,953
5862,Wish Can,365.28,205,696
5863,Office Collection,303.53,79,625
5864,Young Both,418.24,225,897
5865,Top Organization,132.04,109,996
5866,Right Example,290.19,197,257
5867,Specific Turn,145.51,244,165
5868,Stop Mr,313.37,265,519
5869,West Visit,492.43,179,419
5870,Will Nor,24.7,41,306
5871,Treatment Common,489.16,129,58
5872,Quickly Including,136.25,245,849
5873,Me Ground,87.13,221,541
5874,Total Score,438.7,91,459
5875,Check Idea,125.79,221,187
5876,Natural Maybe,223.03,207,478
5877,Star Campaign,20.68,347,450
5878,Pull Difficult,288.69,58,685
5879,Dream Gas,386.3,156,980
5880,Decision Half,184.23,268,421
5881,Themselves Catch,123.52,70,202
5882,Natural Trouble,96.19,184,767
5883,Decade Enter,441.81,378,419
5884,Reality Sometimes,214.31,322,447
5885,Song Show,83.46,412,57
5886,Material Son,23.87,409,59
5887,Factor School,250.76,173,66
5888,Interest Recently,315.62,395,963
5889,Street Forget,121.37,28,486
5890,Leg Individual,478.52,419,540
5891,Should Rich,443.26,52,657
5892,Three Official,196.59,12,335
5893,Effect Way,455.45,32,324
5894,Everyone Cup,189.67,241,711
5895,Identify Nation,329.76,58,646
5896,Until Whose,407.92,200,604
5897,Imagine Week,89.14,188,440
5898,Today Project,153.65,310,523
5899,Carry Cause,337.0,183,683
5900,Outside Plan,143.47,111,205
5901,Value Name,200.11,436,252
5902,Three Opportunity,299.85,389,268
5903,Decision Test,363.94,387,15
5904,Off Key,150.51,20,975
5905,Rest Carry,14.53,374,160
5906,Machine Win,148.41,123,654
5907,Argue Could,451.11,2,750
5908,Kid Drop,302.58,184,262
5909,Natural Member,15.06,229,565
5910,Every Difficult,285.1,54,343
5911,Side Day,190.49,59,797
5912,Western Kind,391.32,470,390
5913,Box Enter,295.21,201,419
5914,Executive Heart,491.01,49,445
5915,Tonight Certainly,66.29,434,427
5916,Religious Change,473.99,419,942
5917,Hear About,316.67,111,960
5918,Carry Leave,49.11,86,93
5919,Early Day,349.0,146,224
5920,Where Close,161.54,488,560
5921,Both Ago,317.56,450,574
5922,Garden Foot,240.92,347,122
5923,Room Develop,185.65,494,549
5924,Apply Try,253.84,134,701
5925,Develop Hundred,432.47,456,981
5926,Today You,399.02,70,245
5927,Agent Season,320.43,385,247
5928,Third Across,174.98,147,943
5929,Environment Series,186.41,33,154
5930,Loss Charge,485.76,279,689
5931,Bit Bag,272.17,440,980
5932,Five Tell,389.07,238,505
5933,Similar Four,413.6,74,339
5934,Carry Listen,312.91,323,298
5935,Adult Car,94.7,45,1
5936,Majority Your,407.14,464,854
5937,Budget Involve,295.88,270,331
5938,Evening Actually,365.01,412,301
5939,Market Wonder,197.6,336,37
5940,Clear Street,472.11,43,756
5941,Happen Sport,36.43,292,426
5942,Life Sign,42.4,24,22
5943,Door Often,219.95,441,928
5944,Affect Here,125.86,149,666
5945,Heavy Story,200.11,490,897
5946,Gun Imagine,289.26,146,885
5947,Writer Series,253.76,203,189
5948,Certainly Make,118.88,407,601
5949,Approach Visit,365.59,156,308
5950,End Old,93.03,227,116
5951,Southern Model,247.29,283,41
5952,Something Medical,263.16,67,998
5953,Event Hot,264.24,191,942
5954,Market Focus,481.53,218,864
5955,Goal Tonight,104.96,242,935
5956,Mission Quite,276.74,381,185
5957,Whom Perhaps,178.42,241,768
5958,Response Until,241.71,114,816
5959,Hand Seat,284.7,475,509
5960,Across Six,258.22,149,863
5961,Of Check,251.51,141,387
5962,Charge Our,353.41,442,879
5963,Indeed Song,120.78,45,542
5964,Political Machine,99.53,202,888
5965,Conference We,34.79,167,278
5966,Continue Relate,64.89,394,604
5967,The American,400.97,204,366
5968,Issue Book,463.43,97,917
5969,Challenge Organization,47.11,488,122
5970,She Accept,152.25,217,48
5971,Husband Say,131.93,242,22
5972,Paper Deep,226.25,1,609
5973,Discover Wonder,142.81,44,840
5974,Loss Kid,429.56,350,439
5975,Town Charge,366.61,28,975
5976,Rest Catch,320.57,185,905
5977,Air Lawyer,211.35,92,522
5978,Serious Claim,178.61,127,854
5979,Interesting Along,135.6,162,875
5980,Why Change,70.0,357,918
5981,Skill Rise,442.32,497,729
5982,Myself Person,324.12,267,682
5983,When Bag,291.36,103,392
5984,Offer Hundred,372.97,148,315
5985,Box Blue,317.99,172,672
5986,Form Have,175.94,382,448
5987,Doctor Culture,109.24,475,24
5988,What Stage,85.0,383,482
5989,Save Board,46.0,284,699
5990,Cause Away,295.97,107,695
5991,Institution Tree,325.06,60,322
5992,Hear Friend,397.22,152,580
5993,Enough Sound,227.55,328,436
5994,Someone Task,338.61,451,582
5995,Season Suffer,444.84,371,216
5996,Kitchen Allow,498.55,8,766
5997,Popular Administration,245.94,40,861
5998,Social Next,314.68,277,397
5999,Easy Environment,57.47,221,380
6000,Think Television,380.54,438,391
6001,Development Executive,237.84,343,670
6002,House Whom,472.17,204,122
6003,Force Ground,352.56,436,779
6004,Crime Democrat,400.94,77,272
6005,Life Raise,451.25,144,383
6006,Herself Maintain,117.58,59,507
6007,Here Scientist,8.32,285,630
6008,Every On,46.32,408,784
6009,Development Throughout,201.08,262,448
6010,Discussion Base,113.78,111,39
6011,Bad Treat,136.93,113,200
6012,This Deal,97.0,377,646
6013,Car Green,23.14,499,856
6014,Population Policy,478.19,322,895
6015,Event Capital,94.26,481,336
6016,Pattern Entire,403.89,103,941
6017,Nature Kind,261.56,137,784
6018,Day Even,172.92,450,172
6019,Whom War,346.81,478,75
6020,Image Development,341.37,383,417
6021,Research Trade,240.7,166,102
6022,Yard Leave,495.45,65,147
6023,Woman Anyone,65.75,154,975
6024,Early Lose,196.6,167,460
6025,That Somebody,475.92,480,626
6026,Recognize Lawyer,74.69,179,13
6027,Third Sea,476.87,451,444
6028,About Have,177.74,245,154
6029,High Property,242.1,10,648
6030,At Mother,212.79,437,550
6031,Either Discussion,456.5,241,880
6032,True Few,274.4,26,702
6033,Court Major,119.4,332,73
6034,View Idea,498.68,400,154
6035,Put Store,137.62,232,471
6036,Central Go,198.25,120,118
6037,Some Finally,335.67,423,169
6038,Campaign Herself,435.51,64,302
6039,Head Owner,497.18,199,104
6040,Entire Strong,353.26,277,65
6041,Expect May,158.6,303,556
6042,Cold Pattern,259.68,282,16
6043,Write Fear,324.35,311,265
6044,Guess Single,322.85,33,268
6045,Many Year,463.16,213,992
6046,Actually Without,448.39,5,818
6047,Concern Son,6.81,30,793
6048,Drug Foot,240.53,453,118
6049,Nature Sure,210.07,157,222
6050,Take Help,263.12,443,272
6051,His Interest,446.62,496,678
6052,Because Suffer,49.99,411,482
6053,Sport Old,481.29,50,300
6054,Western Well,189.07,139,374
6055,Notice Tree,491.32,475,451
6056,Sell Friend,371.81,123,124
6057,Another Recent,181.94,186,917
6058,Purpose Them,113.34,12,250
6059,Establish Like,260.55,367,965
6060,Politics Chair,250.06,248,372
6061,Statement Camera,486.14,130,881
6062,Early If,379.48,8,964
6063,True Where,425.93,56,762
6064,Live Serious,434.83,203,316
6065,Plant Stock,307.41,43,761
6066,Guess Local,229.76,462,357
6067,Purpose Beat,451.2,183,444
6068,High Candidate,489.92,125,600
6069,Worker Little,84.7,344,684
6070,Wind Camera,261.73,482,608
6071,Name Article,251.91,302,406
6072,Television May,423.78,189,395
6073,Enjoy Do,35.5,318,377
6074,Dinner Within,174.74,201,784
6075,Represent Door,68.17,309,924
6076,Officer Financial,131.75,115,441
6077,Security Large,115.03,410,603
6078,Recognize Myself,230.15,70,674
6079,Movement Side,449.73,349,630
6080,Improve Street,409.0,112,882
6081,Pass Human,333.35,84,550
6082,Himself Agent,410.25,135,253
6083,Throw Part,251.44,94,246
6084,Water Those,377.98,479,882
6085,Stand Ability,7.44,109,923
6086,Several Account,368.9,239,342
6087,Lay Political,176.32,85,478
6088,Hotel Help,385.66,207,81
6089,Today Imagine,18.31,96,574
6090,Range Yourself,245.88,378,584
6091,Space Thought,315.51,202,81
6092,Return There,145.92,335,807
6093,Thing Make,380.48,307,749
6094,Story Late,170.13,209,650
6095,Daughter Program,252.45,356,992
6096,Parent Science,452.13,278,584
6097,Push Computer,21.47,420,913
6098,Employee Join,400.49,368,463
6099,South Technology,200.74,142,853
6100,Political Number,348.71,300,186
6101,Us Better,142.98,224,639
6102,Effort Tree,6.86,500,82
6103,Only Develop,20.69,100,985
6104,Hard Force,22.81,370,844
6105,In Represent,181.67,84,156
6106,Reason Issue,220.36,283,666
6107,Eat Energy,149.41,500,890
6108,Evening Image,105.9,169,718
6109,Individual Unit,68.66,487,4
6110,Newspaper According,333.31,235,693
6111,Ball Wish,153.84,359,506
6112,Consumer Little,106.38,496,278
6113,Source Population,9.63,376,185
6114,Trip Oil,325.64,50,194
6115,Western Deal,201.81,490,805
6116,Term Mrs,441.29,212,916
6117,Six Community,459.12,36,989
6118,Turn Year,458.66,201,326
6119,Former Also,192.13,157,28
6120,Before Social,280.5,179,498
6121,Put Rest,198.43,144,155
6122,More Star,75.77,282,963
6123,Treatment Go,181.79,228,423
6124,Perhaps Almost,337.28,55,438
6125,Even Beyond,450.13,408,759
6126,Chair Listen,462.42,497,312
6127,Happy Task,417.14,253,440
6128,Manage Area,420.22,15,809
6129,Hospital Production,244.77,93,900
6130,Speech Difference,68.13,264,229
6131,Away Break,293.48,93,455
6132,Next Reach,197.37,183,136
6133,Sort Husband,197.43,133,313
6134,Agreement Hit,325.19,208,247
6135,Room Center,378.66,147,16
6136,High Second,53.56,460,381
6137,Today She,66.52,194,257
6138,Market Recently,192.08,22,458
6139,Dream Especially,77.13,241,637
6140,Father When,192.83,325,263
6141,Against Example,377.24,114,24
6142,Return Value,172.38,69,489
6143,Between Use,444.85,51,751
6144,Loss Toward,138.78,383,719
6145,Director Operation,274.26,239,975
6146,Per Town,131.2,63,956
6147,Current Loss,486.23,327,153
6148,Bag Keep,487.8,197,910
6149,Collection Table,316.33,202,23
6150,Type Early,156.27,281,284
6151,Face We,71.3,418,742
6152,Focus Buy,250.42,64,785
6153,Here Go,35.53,135,869
6154,Research Newspaper,374.56,341,525
6155,May Two,7.51,358,488
6156,Morning Ahead,338.25,305,441
6157,Down Of,139.24,146,731
6158,Contain Hour,25.2,301,410
6159,Business Exactly,10.82,183,624
6160,Accept Stay,328.09,63,888
6161,Until Practice,301.49,214,735
6162,Performance Crime,102.5,43,462
6163,Pressure Way,498.96,240,607
6164,Amount Country,217.01,230,27
6165,Health Could,25.66,174,575
6166,Across Call,42.67,87,713
6167,Win All,323.26,317,205
6168,Decade Decade,161.07,425,545
6169,People Need,195.55,421,884
6170,Life Kind,32.44,302,745
6171,Management Knowledge,145.03,203,651
6172,Every North,131.71,423,937
6173,Today Hundred,439.78,491,177
6174,Quite Pm,312.22,186,568
6175,Base Cut,487.54,81,93
6176,Congress Know,474.53,83,497
6177,Able Laugh,45.36,108,514
6178,Reality Son,118.26,441,728
6179,Affect Spring,210.72,457,882
6180,Range Practice,291.02,412,589
6181,Loss Law,128.8,297,525
6182,Along Indeed,42.46,274,253
6183,Ask Budget,187.75,445,672
6184,Nothing President,408.75,88,596
6185,Theory Medical,331.31,484,418
6186,Player Book,241.81,61,897
6187,Task Assume,410.35,222,138
6188,Simple Concern,114.58,188,346
6189,There Sing,147.07,305,344
6190,Two Large,135.0,50,275
6191,Animal Everybody,116.52,166,467
6192,Each Letter,270.13,17,727
6193,Television Hit,95.01,309,468
6194,Let Argue,263.02,353,935
6195,Food Visit,52.94,161,290
6196,Half Organization,202.4,354,25
6197,Organization Technology,490.7,2,199
6198,Ago Should,470.02,270,920
6199,My Can,72.7,317,792
6200,Simply Office,455.79,107,65
6201,Fire General,309.25,104,868
6202,Senior His,89.8,200,876
6203,Produce Provide,273.81,8,908
6204,Major Age,55.57,477,108
6205,Member Experience,158.62,101,220
6206,Whose Old,452.08,62,724
6207,Drug Cut,461.49,473,707
6208,Price Law,58.8,366,668
6209,Compare Chair,318.92,9,317
6210,Reduce Moment,76.78,306,864
6211,Less Fish,392.4,119,626
6212,Old Few,262.21,464,525
6213,Tree Phone,155.6,471,830
6214,Wind Artist,318.11,343,499
6215,Free Possible,445.3,237,541
6216,Into Money,247.41,129,717
6217,Drug Seat,254.92,434,920
6218,Popular Seven,423.88,409,557
6219,Tend Between,404.92,39,743
6220,Middle Father,405.27,174,108
6221,Middle Writer,34.71,155,163
6222,Religious Night,295.06,25,550
6223,Yes Want,110.15,167,306
6224,Call Follow,334.67,331,787
6225,Beautiful Yard,58.62,438,80
6226,Beyond Everyone,284.19,284,655
6227,Trouble Man,210.57,175,252
6228,Newspaper Management,299.97,290,665
6229,Family Until,199.3,256,787
6230,Drop Race,252.16,397,772
6231,Mother Do,430.64,151,432
6232,College That,336.68,48,486
6233,Court Front,133.27,368,34
6234,Prove Only,283.85,74,74
6235,Gas Democrat,236.42,13,547
6236,Those Information,403.26,229,487
6237,Clearly International,447.61,375,464
6238,Part Eat,291.36,100,79
6239,Physical Leg,306.22,360,384
6240,Sometimes Benefit,38.25,32,556
6241,Though Knowledge,248.81,29,473
6242,Hospital Remember,287.33,262,799
6243,Short Figure,277.79,134,893
6244,One Now,15.98,494,762
6245,Animal Situation,166.27,320,353
6246,Bar Successful,7.57,211,574
6247,Management Record,373.79,364,12
6248,Laugh Player,486.35,34,280
6249,By Like,428.84,25,843
6250,Least Become,258.88,310,703
6251,Represent Hot,436.35,176,894
6252,Support Group,142.08,105,112
6253,Alone In,295.51,78,555
6254,Mission Against,449.69,327,411
6255,Race Represent,140.86,381,603
6256,Note Eat,484.32,186,415
6257,Central Know,195.43,82,15
6258,Street Clear,422.07,399,735
6259,Short Foreign,327.07,247,129
6260,War Become,220.46,303,68
6261,Summer Picture,326.23,101,312
6262,Force Fast,441.51,109,766
6263,Road Common,473.58,117,344
6264,Necessary Generation,397.31,421,985
6265,Move Treatment,147.58,205,357
6266,Environmental Serve,190.99,162,692
6267,Allow Whom,396.76,412,701
6268,Allow Pass,392.41,364,112
6269,History Structure,356.87,251,134
6270,Where Pressure,69.79,444,580
6271,Particularly Trade,42.75,46,411
6272,Recognize Suffer,416.0,276,810
6273,Involve Role,490.77,493,661
6274,Sort Officer,173.79,366,891
6275,Buy Significant,386.92,52,303
6276,Capital Be,107.94,351,450
6277,Listen Food,188.26,458,900
6278,Between Go,482.21,343,92
6279,Miss Why,488.98,325,914
6280,Sign Wrong,167.48,231,24
6281,Physical Write,107.87,351,558
6282,Check Painting,384.29,16,450
6283,Accept Traditional,409.21,97,952
6284,Any Upon,278.85,162,762
6285,Describe Pay,40.32,250,562
6286,They Sound,428.29,178,514
6287,Member Impact,377.58,105,156
6288,Example Whose,7.66,329,419
6289,Maybe Consider,379.91,382,397
6290,Education Rate,91.05,327,186
6291,Resource Method,271.57,246,187
6292,May Pay,16.35,383,812
6293,Fear When,260.81,112,384
6294,Market Simple,299.82,383,646
6295,Look Speech,54.75,375,856
6296,Figure Into,14.89,374,224
6297,Clear Despite,412.22,220,436
6298,Break National,144.12,75,603
6299,Part Raise,256.09,357,994
6300,Fund Young,389.54,291,408
6301,Figure Explain,281.83,410,408
6302,Else Produce,9.85,445,721
6303,Unit Perform,115.3,258,830
6304,People Fall,84.9,401,766
6305,Far Who,298.73,309,613
6306,Hair Benefit,291.14,296,276
6307,Whatever Drug,132.21,218,860
6308,Pm However,240.6,313,295
6309,Dog Brother,381.1,317,531
6310,Others Nation,47.46,489,77
6311,Can On,250.23,486,412
6312,Research Meet,41.24,414,526
6313,If Station,415.08,330,350
6314,Suggest Model,494.33,82,859
6315,Work She,126.31,475,632
6316,Exist Consumer,231.7,298,586
6317,Serious Attention,188.84,208,913
6318,One Throw,109.39,321,11
6319,Thousand Well,98.4,162,375
6320,Nearly Hand,76.19,317,196
6321,Five Assume,66.06,11,24
6322,Already Society,157.19,372,340
6323,Rule Difficult,328.17,441,712
6324,Federal Box,477.38,467,814
6325,Teach Smile,208.9,353,365
6326,South Material,60.11,363,613
6327,Fish Attack,447.77,58,755
6328,Research Strong,375.33,478,156
6329,Movement Note,389.86,392,749
6330,Some Daughter,110.37,3,447
6331,Require Brother,313.72,452,707
6332,Education Dream,349.95,262,973
6333,Size Yet,56.42,368,517
6334,Some Field,209.44,234,708
6335,Another Student,179.73,363,251
6336,Person Reflect,361.93,385,592
6337,Answer Vote,481.26,14,499
6338,Financial Along,277.02,147,171
6339,Listen Size,423.32,82,749
6340,System General,186.0,113,747
6341,Successful Strong,74.66,367,951
6342,Citizen Finally,24.42,224,846
6343,Century Personal,492.39,323,609
6344,Southern Measure,427.48,82,619
6345,News These,449.77,473,362
6346,Cold Them,341.01,481,621
6347,Work Heart,127.73,380,619
6348,Bed Artist,452.58,143,170
6349,Range Energy,278.78,477,838
6350,Piece There,448.5,272,997
6351,However Type,80.13,92,71
6352,Approach Attorney,333.59,455,751
6353,Eye Professional,233.01,177,504
6354,Place Middle,256.54,496,163
6355,Week Too,328.95,447,486
6356,Television Source,77.71,346,638
6357,Newspaper Ground,474.49,412,485
6358,Respond Establish,29.6,122,903
6359,Business Discover,144.94,423,409
6360,Take Step,22.92,222,366
6361,Anything Expert,490.0,317,168
6362,Western More,299.64,289,227
6363,Smile Window,35.07,189,136
6364,Hotel Get,494.04,213,642
6365,Team Wonder,230.93,155,927
6366,Security Old,288.74,54,462
6367,Church Affect,86.08,54,402
6368,Ok Something,459.31,20,332
6369,Face Rest,14.69,62,526
6370,Represent Least,284.97,318,778
6371,Understand Third,6.7,123,78
6372,Air Continue,206.3,305,189
6373,Leave May,261.96,358,872
6374,Structure Scene,262.57,302,670
6375,College Arm,407.19,284,822
6376,Forget Instead,127.39,221,164
6377,Nice Candidate,238.5,56,778
6378,Authority Open,497.86,486,559
6379,Street Out,275.2,53,793
6380,Treatment Republican,126.19,372,422
6381,General Hotel,390.15,16,382
6382,Significant Off,466.65,444,856
6383,Spend Western,14.97,17,401
6384,However During,129.9,212,111
6385,Hot Mind,217.55,385,655
6386,Blood Rather,438.73,500,908
6387,Discover White,447.36,263,892
6388,Nice Whatever,93.15,265,910
6389,Occur Use,309.12,49,681
6390,Rather Three,5.75,257,154
6391,Music Listen,392.31,52,622
6392,High Least,458.72,299,777
6393,Detail Find,304.88,164,320
6394,Despite Last,189.97,84,672
6395,Situation Onto,436.89,393,934
6396,Participant Until,90.52,130,471
6397,From Mother,322.06,323,78
6398,Agency Very,250.4,479,622
6399,Agent Item,166.12,385,25
6400,Way Economy,178.66,64,895
6401,Sound Read,399.11,157,78
6402,Threat Answer,491.06,192,365
6403,Threat Box,92.36,19,277
6404,Service Between,243.24,153,728
6405,Year Home,111.85,414,22
6406,Particularly Budget,247.73,110,15
6407,Between Seven,77.58,307,276
6408,None Get,255.44,149,238
6409,Look Boy,470.63,396,334
6410,Ask Nice,377.25,221,364
6411,Success Member,221.39,346,703
6412,All Little,181.8,124,88
6413,Eight Man,317.64,44,664
6414,Continue Six,181.47,368,404
6415,Expert Court,440.67,424,590
6416,Only Commercial,352.14,380,287
6417,Wait Leg,307.69,418,776
6418,Likely Just,267.81,129,66
6419,Girl Weight,240.97,251,629
6420,Line Political,39.46,62,222
6421,Professional Agreement,450.45,30,24
6422,Human Race,157.55,415,837
6423,Those Artist,365.76,115,569
6424,Kid Close,244.39,13,815
6425,Coach Left,449.27,443,183
6426,Hard Should,335.97,256,460
6427,Still Role,71.58,112,985
6428,Trip Any,131.11,280,36
6429,Yet Treatment,66.58,202,967
6430,Suffer Anyone,67.44,220,520
6431,While Race,140.7,441,65
6432,Financial Physical,416.9,377,233
6433,Morning Together,319.25,179,347
6434,Store Night,12.52,44,742
6435,Alone Court,233.43,447,538
6436,Imagine Citizen,72.52,281,493
6437,Coach Wide,356.46,11,9
6438,Agency Maintain,474.96,251,41
6439,Drive State,411.74,249,202
6440,Job Show,426.55,492,853
6441,Heavy Particular,140.5,61,199
6442,Her Seat,321.31,111,211
6443,Book Administration,29.66,421,250
6444,Child Next,433.12,401,337
6445,Dark Build,452.41,478,911
6446,Book Measure,228.75,95,576
6447,Debate Anything,379.27,112,791
6448,Mind Study,236.85,320,48
6449,With Stock,11.41,359,381
6450,Service Financial,492.29,140,806
6451,Sense Party,447.07,31,829
6452,Be Gun,397.52,350,143
6453,Herself Director,300.21,284,73
6454,Support Herself,306.1,163,312
6455,Throughout This,38.42,291,771
6456,Energy Than,379.77,15,256
6457,Open Himself,226.62,482,322
6458,Center Almost,375.81,385,928
6459,Art Art,72.67,198,794
6460,Night Learn,195.5,352,233
6461,Arrive Fight,418.9,405,113
6462,Activity Two,86.6,489,492
6463,Cell Drug,358.45,435,496
6464,Hear Most,266.43,51,408
6465,Cultural Three,323.26,17,840
6466,Better Student,341.38,338,17
6467,Would Break,312.49,387,685
6468,Action Happen,472.09,152,573
6469,How Property,52.24,471,331
6470,Former Address,16.81,314,268
6471,Field Happen,140.11,443,420
6472,Join Whom,337.45,203,227
6473,Change Believe,144.62,155,358
6474,Past Your,382.33,36,220
6475,Money Now,263.72,428,155
6476,Because Question,6.44,486,990
6477,Should Develop,497.5,231,905
6478,Exactly Bring,435.37,422,630
6479,Significant Note,490.18,386,656
6480,When Tend,380.96,426,594
6481,Give People,90.56,451,897
6482,Fact Possible,36.97,312,381
6483,Its Smile,390.49,159,939
6484,Voice Provide,404.71,347,312
6485,Civil Defense,463.26,305,957
6486,Might These,72.98,1,641
6487,Trip Stop,487.87,48,281
6488,Attention Increase,285.56,340,153
6489,Experience Those,197.19,414,400
6490,Son By,260.77,277,1
6491,So Person,418.42,89,329
6492,Final Whole,246.88,412,328
6493,Future Choice,440.24,100,367
6494,Our Begin,375.65,375,36
6495,Play Nearly,269.0,23,596
6496,Push Instead,90.6,26,535
6497,Compare Who,232.34,334,75
6498,Least Improve,236.25,396,879
6499,Become Concern,11.66,366,880
6500,President Behind,13.81,38,865
6501,North Perhaps,242.49,195,851
6502,Hope Agreement,299.7,179,981
6503,Option Year,31.72,309,952
6504,Factor Skin,435.78,286,69
6505,Range Education,267.23,423,474
6506,Happen Throw,176.09,159,630
6507,Third Respond,489.09,93,533
6508,Push News,440.38,356,43
6509,Vote Certainly,85.96,391,388
6510,Build Lawyer,438.11,162,1000
6511,Value Myself,123.6,255,541
6512,Language Almost,413.4,460,296
6513,Small See,114.03,493,734
6514,Machine Affect,188.15,234,730
6515,Sense Behind,68.61,299,873
6516,Four Success,268.42,450,947
6517,Listen Place,44.7,205,257
6518,Indeed Cultural,306.36,450,527
6519,Choose Should,256.69,245,963
6520,Feel Though,219.0,14,549
6521,Cup Night,320.42,75,220
6522,Defense Administration,160.74,25,626
6523,Class Thank,247.02,124,760
6524,Knowledge Item,406.71,377,222
6525,Near Never,82.02,145,146
6526,Leave Actually,186.85,295,894
6527,Easy Politics,264.58,275,927
6528,Still Hit,267.51,229,28
6529,Teacher Goal,33.93,127,648
6530,Foreign Several,102.8,68,997
6531,Seek Example,463.01,273,352
6532,Executive Reach,52.92,414,708
6533,Community True,286.38,152,974
6534,Turn Item,367.86,41,996
6535,Brother Yard,75.19,296,989
6536,Hope Market,13.54,115,605
6537,Member Close,34.08,346,311
6538,Campaign Foot,423.81,445,711
6539,Mr Artist,234.75,320,890
6540,Seem Suddenly,53.26,316,934
6541,Great Company,177.57,329,975
6542,Field Such,171.22,134,569
6543,Star Democrat,35.53,208,200
6544,Store Season,309.36,370,329
6545,World Rather,345.45,256,636
6546,Similar Religious,202.48,425,721
6547,Should South,76.8,354,858
6548,Property Oil,114.73,468,964
6549,Near Animal,171.51,220,524
6550,Case Despite,265.46,474,944
6551,Good Body,408.7,230,884
6552,Total Hand,142.05,3,951
6553,Commercial Effect,369.76,381,246
6554,Activity To,338.64,211,969
6555,Part Scientist,406.1,457,396
6556,Fight Glass,68.85,256,878
6557,Office Report,254.53,341,183
6558,Establish About,133.99,246,422
6559,Community Picture,35.54,396,902
6560,Option Door,394.74,268,176
6561,End Natural,103.45,214,422
6562,Listen Sing,191.78,56,328
6563,Role Generation,189.54,56,580
6564,When Person,225.33,378,730
6565,Early Go,344.88,131,805
6566,Beat Mind,346.15,144,399
6567,However Structure,372.32,229,321
6568,Right Show,289.19,247,302
6569,Hour He,104.13,30,744
6570,And Arrive,51.5,140,780
6571,Small Build,43.01,162,784
6572,Military Fish,477.82,90,947
6573,Return Picture,131.66,289,970
6574,Push Soldier,255.32,266,193
6575,Audience Sport,499.3,269,900
6576,Positive Key,84.65,403,39
6577,Natural Crime,29.99,377,357
6578,Market Hospital,233.22,20,12
6579,Bring Task,74.55,357,153
6580,Join Service,439.0,477,945
6581,Form Stop,319.63,254,765
6582,Charge However,284.45,273,286
6583,West Western,353.04,445,782
6584,Talk Fast,482.67,380,876
6585,Current Reach,276.26,392,33
6586,Bank Event,222.51,93,781
6587,And Detail,41.49,146,777
6588,Individual Control,34.82,207,572
6589,Show Foreign,354.75,117,738
6590,Simple Set,271.66,260,633
6591,Draw Face,317.83,259,83
6592,Sing Sport,186.26,192,825
6593,Think Fall,258.54,272,258
6594,Several Professional,466.83,362,757
6595,Above My,452.96,497,515
6596,Memory Education,81.27,163,818
6597,Ball Still,172.18,391,136
6598,High Conference,477.38,419,3
6599,Mrs Congress,423.53,353,3
6600,President Month,262.54,141,529
6601,Live Trouble,237.77,302,327
6602,Amount Floor,318.39,237,174
6603,Group Always,189.26,392,438
6604,Painting Floor,369.01,79,290
6605,Allow Structure,184.73,271,606
6606,Recently Back,455.88,450,179
6607,View Old,69.09,375,554
6608,Bag Car,49.28,157,655
6609,Off Book,183.1,447,733
6610,Scientist Eight,134.21,181,920
6611,Boy Cost,193.37,124,152
6612,Someone Month,443.69,40,445
6613,Eight Pass,26.19,208,561
6614,Grow Country,12.47,420,769
6615,Find Morning,443.9,156,702
6616,Wind Perhaps,250.7,40,217
6617,Without Traditional,184.33,448,298
6618,With Society,97.37,344,297
6619,Property Large,285.05,73,438
6620,Few Protect,253.7,403,103
6621,Chance Painting,225.37,413,281
6622,Cultural Result,487.05,349,161
6623,Want Design,387.82,211,237
6624,Onto Or,379.47,136,125
6625,Trade Responsibility,84.33,191,116
6626,Such Decide,54.03,499,137
6627,Walk Sound,309.97,56,513
6628,It Involve,459.19,253,25
6629,Defense Sense,221.24,255,686
6630,Leader Whatever,219.64,136,367
6631,Parent Environment,339.81,230,269
6632,Region Court,446.37,309,256
6633,Case Physical,387.17,473,43
6634,City Significant,25.52,92,867
6635,Receive Prevent,18.37,341,936
6636,Guy Drop,411.28,428,579
6637,Tend Clearly,286.9,156,778
6638,Full Win,452.94,116,669
6639,Believe Vote,422.14,249,506
6640,One Talk,241.15,287,766
6641,Tough Poor,145.21,423,854
6642,Old Cultural,251.21,271,177
6643,Board General,402.16,29,33
6644,Answer Board,121.91,98,647
6645,More Set,324.02,440,723
6646,Close Its,417.02,454,730
6647,Opportunity Reality,350.22,140,163
6648,Throughout Or,59.5,46,193
6649,Others Ever,234.98,344,510
6650,Good Experience,118.78,450,830
6651,Serve Ability,413.45,410,360
6652,Experience Drug,358.56,263,691
6653,Voice His,27.23,49,483
6654,Matter Sea,438.19,137,603
6655,Factor Floor,255.32,432,812
6656,Structure Congress,134.54,29,447
6657,More Class,181.29,274,560
6658,Every Conference,264.69,281,251
6659,Listen Network,66.17,223,533
6660,Discover Ok,407.12,411,423
6661,Heavy Paper,30.87,144,203
6662,Animal Guess,310.01,286,237
6663,Sing Red,239.98,349,545
6664,Be Player,463.33,303,393
6665,Simple Today,416.44,373,58
6666,Choice Report,487.61,176,477
6667,Model Work,416.51,76,664
6668,Meeting Clearly,326.67,177,342
6669,Development Mouth,272.48,329,199
6670,Bring Remember,401.97,467,976
6671,Peace Total,57.32,204,172
6672,Also Trade,300.54,380,300
6673,White Writer,369.62,37,142
6674,Follow Foot,471.6,445,709
6675,Expert Blood,274.85,462,950
6676,Reduce Above,90.9,314,246
6677,Laugh Option,92.63,252,583
6678,White Cold,387.11,311,449
6679,Lead Feel,7.07,455,252
6680,Third Woman,110.13,454,326
6681,Difference Get,419.76,201,272
6682,Better Him,498.61,331,754
6683,Happy Claim,195.3,220,692
6684,Sport Class,22.96,133,270
6685,Treat Be,277.19,317,15
6686,Question Wife,8.17,32,158
6687,Part Common,275.16,79,324
6688,That Pull,18.73,124,515
6689,Military Both,387.25,135,750
6690,Imagine Thought,53.23,129,758
6691,Mission Product,447.83,103,504
6692,Number Join,414.9,88,881
6693,Just News,137.39,286,202
6694,Before Example,497.21,263,516
6695,Red Me,90.83,437,692
6696,Beyond Drug,251.72,57,819
6697,Decision School,119.24,200,79
6698,Local Wish,458.4,7,273
6699,Teacher Quite,138.2,17,566
6700,Bag From,348.05,141,956
6701,Official Forward,143.17,10,639
6702,Again Executive,37.7,349,809
6703,Sound Establish,262.34,341,721
6704,About Travel,17.25,481,795
6705,Body Sit,443.43,383,802
6706,Reason With,264.38,104,287
6707,Husband As,448.54,70,20
6708,Less Respond,38.47,147,609
6709,Compare Trip,374.42,378,651
6710,This Throw,108.82,41,652
6711,House Explain,484.7,365,213
6712,I Evidence,286.83,465,386
6713,Buy Listen,118.38,391,367
6714,Mention Suffer,350.51,168,697
6715,Director Nation,483.69,265,280
6716,Everything Deep,344.68,9,949
6717,We Talk,251.15,350,162
6718,Student Walk,333.99,326,635
6719,Hold Seat,77.32,357,812
6720,Provide Partner,472.19,386,436
6721,Upon Least,257.94,349,916
6722,Thus Success,281.86,45,623
6723,Production Hour,331.14,14,885
6724,Film By,196.91,298,698
6725,Market Ok,151.83,252,547
6726,Event Color,11.1,182,543
6727,Answer Gas,175.29,150,89
6728,None Clearly,393.99,462,275
6729,Six Between,328.27,446,214
6730,Rate Whether,233.88,207,185
6731,Day Crime,213.14,133,805
6732,Same Assume,7.67,65,519
6733,Cell Minute,330.23,232,404
6734,Door Everything,380.47,383,35
6735,Nice Central,325.67,213,953
6736,Official Feeling,342.06,265,409
6737,Court Federal,412.37,152,405
6738,Mother Billion,342.53,336,315
6739,Recently Soon,85.68,195,67
6740,Everything Year,25.51,443,606
6741,Parent World,123.03,459,440
6742,Consider Want,87.71,208,161
6743,Away Tell,225.09,83,410
6744,Require Democratic,275.94,486,763
6745,Common Cost,68.24,372,541
6746,Food Suggest,485.99,159,455
6747,Rise Ago,11.38,269,457
6748,Much People,212.59,188,833
6749,Environmental His,407.67,355,143
6750,Move Majority,23.5,221,929
6751,Blue Use,487.74,233,201
6752,Do Everybody,115.74,486,93
6753,Later Do,159.16,79,763
6754,Image Look,184.38,453,604
6755,People Where,353.83,352,227
6756,Thought Concern,152.3,228,636
6757,Concern Best,424.74,230,281
6758,Little Skill,330.66,260,546
6759,Establish Agent,294.77,66,156
6760,He Set,446.16,225,782
6761,Bit Evidence,228.14,127,741
6762,Third Mission,207.83,100,821
6763,Step Drug,262.46,424,714
6764,Nature Goal,441.44,474,216
6765,Through Authority,72.99,442,865
6766,Consider Game,164.96,347,737
6767,Sea Drug,94.8,341,860
6768,Meeting Add,498.06,228,82
6769,Unit Only,444.36,413,838
6770,Something Local,74.92,300,981
6771,Report Such,174.42,264,389
6772,Stock Whom,493.47,222,411
6773,Just General,266.1,112,117
6774,Economic Statement,328.13,17,399
6775,Everything Base,352.32,80,609
6776,Section Break,91.29,296,353
6777,Off Course,28.31,12,532
6778,Audience Agency,121.24,23,469
6779,Major Really,21.69,312,276
6780,Second Establish,442.19,469,516
6781,Expert Decade,373.84,330,903
6782,Amount Mrs,322.52,192,517
6783,Group Interview,141.87,258,258
6784,Show Dog,15.89,324,611
6785,Little Voice,439.08,350,3
6786,Resource Produce,469.15,393,767
6787,Listen Center,441.42,228,310
6788,Add Finish,384.71,449,910
6789,Decade Age,32.57,135,681
6790,Character Occur,470.65,276,563
6791,Despite Around,387.66,366,645
6792,Rise Building,234.64,207,808
6793,Administration Positive,225.85,258,641
6794,This Whether,73.03,343,855
6795,Interview Force,237.92,36,334
6796,Cover Off,7.93,365,300
6797,Trip Become,376.61,247,700
6798,According Boy,98.1,44,810
6799,Last Less,375.41,17,3
6800,Night Radio,33.61,276,396
6801,Central Environment,456.13,146,525
6802,He Cover,301.1,34,365
6803,Every Would,184.92,368,960
6804,Improve Upon,410.94,60,552
6805,Character Choice,131.6,376,733
6806,Green Travel,217.16,299,610
6807,Reflect Start,174.9,316,77
6808,Mention Serious,377.85,427,31
6809,Become Address,14.22,315,137
6810,Act Truth,309.76,15,144
6811,Direction Effect,187.68,238,612
6812,Bad Beyond,144.52,177,848
6813,National Certainly,11.84,272,947
6814,Present Develop,461.36,28,460
6815,Region By,349.15,344,361
6816,Full Life,425.89,119,544
6817,Hold Personal,431.57,139,170
6818,Power Member,108.03,127,75
6819,Class Across,391.08,64,296
6820,Movie South,110.05,170,55
6821,Off Mention,457.82,328,74
6822,Line Ok,416.26,173,217
6823,Lot Quite,142.62,38,962
6824,Coach Significant,59.09,12,610
6825,Beautiful If,83.54,394,930
6826,Street Still,486.23,144,480
6827,Artist Dark,42.94,243,163
6828,Bank Ground,53.93,164,264
6829,Also Smile,374.72,207,448
6830,Letter Answer,189.75,496,742
6831,Role Production,40.89,107,106
6832,Seven Serve,476.61,119,426
6833,Take Skin,54.52,290,479
6834,Just Music,243.46,178,922
6835,Democratic Data,139.71,437,243
6836,Site Arm,437.6,409,342
6837,Order Grow,381.52,368,3
6838,Avoid And,198.03,377,517
6839,He Believe,456.72,257,748
6840,Reveal Local,155.49,79,238
6841,Radio Rate,190.14,480,23
6842,Few Offer,127.66,310,143
6843,Class Organization,278.33,265,161
6844,Arm Event,298.3,203,43
6845,Case Fact,482.84,87,432
6846,Now Around,301.66,436,526
6847,Front Until,318.12,243,863
6848,Design State,206.87,432,47
6849,As Join,322.54,400,420
6850,Their Eight,350.56,66,242
6851,Between Drive,220.61,391,447
6852,Range Such,253.41,44,228
6853,Campaign Particular,128.32,57,237
6854,Area Method,243.74,434,64
6855,Move Today,433.65,244,171
6856,Maybe Who,146.3,366,315
6857,Those Through,196.8,220,464
6858,Above Push,495.39,369,758
6859,Wonder Already,63.9,322,76
6860,Without Character,309.6,427,280
6861,Challenge Commercial,78.52,315,210
6862,Not Piece,302.3,431,488
6863,Owner Likely,225.28,14,413
6864,Require Dark,450.22,131,251
6865,Church Fact,439.09,445,524
6866,Federal Perhaps,277.77,111,358
6867,What Defense,181.46,250,417
6868,Congress Modern,426.38,14,917
6869,Job Show,439.92,97,175
6870,Lose So,460.74,74,509
6871,Side Military,112.1,122,560
6872,Daughter Woman,142.71,145,450
6873,Else Congress,306.95,498,976
6874,Ten Small,385.88,262,736
6875,Approach Sure,205.28,38,592
6876,Professional Congress,484.1,171,585
6877,Process Close,314.54,472,492
6878,Take View,92.85,403,41
6879,Commercial Conference,183.38,220,599
6880,Worker Year,491.6,179,796
6881,Make Above,346.99,456,985
6882,Strong Oil,109.1,279,645
6883,Others Pm,82.52,258,387
6884,Close Quickly,442.04,265,608
6885,However For,133.82,318,381
6886,Role Remain,299.52,58,125
6887,Stand Identify,37.49,300,408
6888,Enjoy Form,130.89,384,922
6889,Lot Property,43.66,22,93
6890,Common Describe,261.47,208,279
6891,Discover Science,57.79,63,749
6892,Fund Factor,69.19,20,757
6893,Music Family,167.94,240,384
6894,Blood Natural,24.66,257,34
6895,Deep Build,404.29,80,87
6896,Once Arrive,384.27,274,537
6897,Speak Dog,197.7,98,361
6898,Research Weight,414.94,300,380
6899,Source Later,156.54,455,488
6900,World Allow,15.07,96,808
6901,Red Loss,309.42,221,282
6902,Reach Every,219.46,485,924
6903,Industry Program,40.69,98,407
6904,Policy Little,121.3,184,594
6905,Could Few,80.18,54,21
6906,Cultural Attorney,293.5,346,973
6907,Talk Full,89.06,230,627
6908,Agency Part,208.35,333,495
6909,Act General,265.59,424,578
6910,Generation Education,254.82,236,839
6911,Though Trip,34.67,293,179
6912,Media Third,188.55,135,612
6913,Myself Task,385.56,18,777
6914,Movie Yeah,63.19,38,656
6915,Mission Population,439.38,118,856
6916,Note Radio,234.08,282,359
6917,Occur Value,218.03,144,341
6918,Foreign These,422.82,306,794
6919,Strong Now,477.87,373,389
6920,List Tax,127.54,97,773
6921,Lose Prevent,407.6,299,785
6922,Morning Yet,144.26,56,622
6923,Say Quality,61.5,299,253
6924,Three Much,194.26,489,76
6925,Painting Itself,156.54,220,39
6926,Over Name,399.41,408,1000
6927,Whom Service,75.91,214,774
6928,Number Surface,103.76,400,838
6929,Truth Body,213.57,144,700
6930,Seat Research,360.36,447,315
6931,Opportunity Any,375.17,62,249
6932,Garden Near,11.12,396,627
6933,Name Whole,426.14,64,688
6934,Relationship Fast,348.4,54,995
6935,Those Her,140.29,373,330
6936,Enter Animal,468.14,144,239
6937,Think Page,244.9,287,728
6938,Something A,101.83,90,644
6939,Recent Short,186.28,24,172
6940,Real Hand,109.06,101,98
6941,Itself Hundred,440.62,3,611
6942,Table Happen,205.62,438,998
6943,Development Bed,96.43,226,565
6944,Push Become,117.55,477,869
6945,Song Know,343.43,416,522
6946,By Cultural,424.26,209,396
6947,Exist Medical,438.49,130,357
6948,Put Skin,487.79,428,35
6949,She Crime,312.34,6,306
6950,Western Green,61.24,91,11
6951,Sure Lay,273.45,26,116
6952,Really Southern,150.33,24,92
6953,Send Court,419.09,357,295
6954,We Store,13.62,236,648
6955,We Maintain,92.02,154,518
6956,As Decide,302.01,331,454
6957,Environmental Country,190.48,146,223
6958,Character Less,307.02,432,730
6959,Practice Type,290.27,452,612
6960,Body Close,254.32,302,885
6961,Realize Indeed,323.74,320,858
6962,Sea Paper,458.15,493,399
6963,Trade Per,114.2,294,653
6964,Sister Edge,460.69,69,352
6965,Into Success,243.29,342,622
6966,Consider Seek,459.5,485,12
6967,Congress Mother,242.14,201,923
6968,Bag Cell,77.86,370,501
6969,Eye We,316.56,110,988
6970,Option Grow,261.53,162,792
6971,Control Help,142.85,85,993
6972,Course History,463.32,471,351
6973,Black Consumer,418.47,1,622
6974,Wait Million,185.87,411,669
6975,Agency Which,191.98,252,715
6976,Discuss Receive,398.43,280,341
6977,Art Reveal,30.54,14,814
6978,Practice Drug,46.86,408,241
6979,List Two,150.38,310,297
6980,We Different,311.92,55,845
6981,Finally Happen,262.24,300,375
6982,Administration Two,401.22,77,242
6983,Property Service,457.18,113,517
6984,Nothing Teach,211.31,117,989
6985,Degree Institution,443.39,210,33
6986,Best Success,400.84,83,314
6987,Weight Ago,354.82,141,226
6988,Part Dog,87.24,384,789
6989,Bar Increase,251.69,177,362
6990,Ahead Political,173.78,194,146
6991,Doctor Daughter,395.41,122,600
6992,Assume Along,390.29,313,922
6993,Know Everybody,248.59,245,20
6994,Near Manage,40.52,243,163
6995,Few Garden,164.84,349,774
6996,Into Smile,320.96,356,129
6997,Easy Traditional,22.77,115,67
6998,Ever Effect,139.81,362,344
6999,Subject Involve,262.04,142,130
7000,Front Edge,304.93,305,159
7001,Ground Democrat,263.52,369,550
7002,Side Environment,40.09,47,534
7003,Turn Same,282.07,187,409
7004,Bring Push,146.69,398,720
7005,Attention Run,325.8,58,826
7006,Agent Source,328.05,62,270
7007,Local Father,11.47,323,349
7008,Involve Tend,64.98,286,367
7009,Likely Language,116.48,115,508
7010,Admit Family,48.0,405,383
7011,Several Suffer,122.83,85,560
7012,Go Agreement,88.76,182,596
7013,With Language,25.87,496,876
7014,Carry Direction,131.94,62,393
7015,Practice Front,18.26,210,552
7016,Recognize Magazine,372.43,404,917
7017,Network Outside,415.46,479,100
7018,None Month,71.97,197,200
7019,To Eat,239.6,262,590
7020,Manager Through,36.44,143,614
7021,Enjoy Practice,324.57,477,864
7022,Stage Certainly,344.94,66,155
7023,Present Option,449.55,176,310
7024,Range What,145.72,380,640
7025,Player Look,107.77,439,857
7026,Structure Deal,413.0,301,723
7027,All Collection,86.72,327,836
7028,Law Beyond,246.43,96,639
7029,Full Couple,155.59,105,798
7030,Will Down,162.95,63,221
7031,Others Upon,322.53,341,672
7032,Personal Mind,375.89,89,982
7033,Local Produce,337.41,152,57
7034,Action Child,10.27,255,484
7035,Exist Tough,285.37,327,624
7036,Probably Coach,376.82,147,188
7037,Property Attention,466.24,169,977
7038,Send Nor,203.8,447,491
7039,Threat Rate,251.15,458,770
7040,Ready Ok,46.52,250,931
7041,Join Wife,442.46,390,370
7042,Than Seem,459.77,53,95
7043,Not Seven,471.13,488,716
7044,Your Plan,89.51,278,910
7045,Military Now,181.58,482,488
7046,Cost Here,398.89,32,539
7047,Throughout Accept,357.86,95,867
7048,Who She,260.24,313,781
7049,Of Cell,109.67,32,448
7050,Conference Take,376.19,429,821
7051,Figure Sister,142.85,146,309
7052,School Speech,238.2,438,975
7053,Ok These,373.11,125,484
7054,Degree Those,155.72,223,33
7055,Walk Wrong,277.12,174,826
7056,Product Consumer,72.98,499,288
7057,Store Act,182.5,421,782
7058,War Follow,479.2,372,921
7059,Check Mission,485.07,479,374
7060,Free Surface,6.07,158,985
7061,Whatever Idea,485.93,326,549
7062,Man Something,195.58,481,706
7063,Key Training,490.43,300,968
7064,Many Financial,282.1,357,698
7065,These Size,79.09,399,593
7066,Research Onto,362.87,289,239
7067,Central Memory,39.71,208,746
7068,Will Development,454.78,162,160
7069,Audience Deep,167.45,239,64
7070,Author Inside,357.61,70,345
7071,Lot Shoulder,232.65,448,361
7072,Discover Discuss,267.81,145,4
7073,High But,348.1,13,983
7074,Direction Account,491.98,130,37
7075,Week Buy,421.07,19,966
7076,His Military,469.88,304,301
7077,Movie Sit,80.93,158,537
7078,Country Bit,314.04,104,12
7079,Fine Health,138.9,221,981
7080,Game Really,67.7,82,538
7081,Always Investment,299.53,132,635
7082,Myself Economy,455.85,367,65
7083,Region Feel,252.06,469,490
7084,Deep Security,212.02,456,28
7085,Cultural Yet,269.12,352,254
7086,Kid Street,183.87,480,709
7087,Write Think,209.21,292,63
7088,Method Local,273.12,147,640
7089,Movie Front,18.16,127,122
7090,Cause Walk,449.03,159,9
7091,Positive Effort,225.04,479,248
7092,Wonder Important,462.75,464,771
7093,Discuss Life,249.59,334,817
7094,Everyone Save,50.87,337,536
7095,Contain Way,255.3,7,122
7096,Low Fear,77.51,285,726
7097,Human Exactly,242.83,360,400
7098,Forward Everybody,399.75,230,977
7099,Save Behavior,70.23,245,880
7100,Point Field,246.47,328,673
7101,Meet Consider,219.78,121,919
7102,Writer Social,159.9,285,405
7103,Candidate During,255.66,450,633
7104,Result Tell,380.18,155,496
7105,Threat Example,486.73,152,779
7106,Fight Put,233.16,304,340
7107,Exactly Tree,146.04,237,855
7108,Admit Home,311.85,404,740
7109,Leader Mean,146.83,327,1000
7110,Rule Receive,88.79,142,361
7111,At Activity,340.8,303,288
7112,Marriage North,461.67,62,288
7113,World Her,276.69,337,504
7114,Pm Else,272.04,385,410
7115,Participant Meeting,401.91,156,185
7116,Animal Particular,60.73,90,22
7117,Couple Central,282.04,101,361
7118,Hard Reflect,265.07,326,872
7119,Ball These,361.75,375,944
7120,Machine Paper,424.38,148,598
7121,Term Treatment,234.13,58,655
7122,Maintain Prevent,411.42,128,394
7123,Sign Project,139.3,114,910
7124,Entire Financial,486.12,108,100
7125,Hot Discussion,265.1,296,357
7126,Above Produce,139.01,449,264
7127,Article Nice,295.75,118,115
7128,Hit Inside,29.5,192,684
7129,One Rise,335.76,202,119
7130,And Look,385.31,243,819
7131,Administration Much,84.2,122,342
7132,Seat Lay,319.26,479,970
7133,Physical Produce,348.34,203,429
7134,State Walk,108.66,312,604
7135,Military Case,9.5,17,471
7136,Concern System,374.62,268,665
7137,Public Option,457.48,13,206
7138,Play Place,451.81,478,756
7139,Fill There,54.77,295,619
7140,Change Mouth,473.71,409,904
7141,Mother Know,474.29,313,722
7142,Style Why,173.0,397,84
7143,Help Fine,90.63,157,507
7144,Possible Represent,389.05,143,446
7145,Itself Serve,19.14,177,918
7146,Large Everyone,205.64,323,670
7147,Must Treat,70.98,226,203
7148,Hand Very,54.99,374,896
7149,Teacher Available,230.23,109,854
7150,Lawyer Represent,115.32,115,150
7151,Weight Toward,312.6,460,368
7152,Responsibility Cause,286.09,442,805
7153,Represent Long,451.41,51,228
7154,Space Campaign,145.35,131,823
7155,To Attention,310.71,498,453
7156,Compare Manage,257.39,96,938
7157,Red Customer,497.14,333,692
7158,Manager Girl,73.2,374,414
7159,Clear Military,112.26,372,764
7160,Public History,361.87,243,646
7161,Throughout Performance,266.82,300,820
7162,Range Send,111.76,90,983
7163,Defense Nice,440.2,344,895
7164,Answer Board,130.61,211,20
7165,Common Call,476.85,189,246
7166,Bill Exactly,28.48,203,168
7167,Mother General,48.09,301,861
7168,Sound Occur,484.89,419,771
7169,Character Indeed,73.12,484,658
7170,Series Course,395.16,449,85
7171,There Article,316.99,401,911
7172,Win Rock,136.19,312,764
7173,Clearly Reality,164.01,127,536
7174,Difficult Computer,174.77,326,849
7175,Live Why,330.15,262,972
7176,Race Business,298.77,23,861
7177,Line Teach,168.17,4,382
7178,Represent Word,480.89,205,286
7179,Discussion Apply,21.1,469,206
7180,Wish With,163.21,187,93
7181,Direction Prove,459.5,102,684
7182,Meeting Perhaps,81.12,109,969
7183,Dark Plan,464.64,145,503
7184,Something Down,94.75,379,100
7185,Candidate Site,484.9,354,457
7186,Forget Level,384.53,226,858
7187,School Man,318.29,247,583
7188,Animal Development,291.25,233,672
7189,Song Human,166.38,178,797
7190,Drop Into,316.86,151,310
7191,He Talk,156.21,68,614
7192,Answer Six,382.77,203,422
7193,Actually Degree,377.63,221,879
7194,Music Left,485.34,52,293
7195,Sure Down,209.49,238,192
7196,Conference Where,31.57,52,240
7197,Probably Imagine,52.25,334,92
7198,Camera Skill,276.15,191,575
7199,Compare Table,9.29,84,393
7200,Usually Trade,377.07,59,706
7201,Conference Project,54.46,379,906
7202,Medical Local,452.06,165,309
7203,Cause Success,477.21,27,221
7204,I State,105.14,146,795
7205,Paper Radio,328.79,129,24
7206,Stop Every,497.99,415,133
7207,Piece Democratic,283.43,74,737
7208,Democrat Month,99.78,357,245
7209,Toward Claim,378.06,316,865
7210,Western Catch,335.06,225,426
7211,Science During,236.71,331,944
7212,Off Include,235.71,201,244
7213,Far Government,138.64,391,654
7214,Protect Nation,73.59,325,908
7215,Cold Eight,13.27,245,208
7216,Leader Something,457.99,5,940
7217,Worker Share,358.35,459,392
7218,First Lot,48.85,194,741
7219,Early Star,25.08,157,623
7220,Race American,152.79,124,476
7221,Of Stop,26.49,336,510
7222,Place Her,422.13,136,806
7223,Young Away,55.67,230,414
7224,Current Play,128.47,56,442
7225,Black Special,157.3,87,568
7226,Cause Safe,13.25,343,376
7227,Remain Attorney,184.95,98,771
7228,Human Rock,226.84,299,7
7229,Your Along,443.14,279,607
7230,Might Capital,129.47,301,439
7231,Knowledge Mean,233.01,33,962
7232,Happen Phone,336.15,28,481
7233,Rich They,103.72,475,217
7234,Democrat Position,309.97,341,182
7235,Carry Outside,233.91,382,373
7236,Similar Series,406.42,190,566
7237,None Gas,215.57,302,682
7238,Town American,434.66,267,404
7239,Explain It,329.14,1,208
7240,Section Poor,222.64,410,699
7241,Feel White,40.52,312,869
7242,Though Leave,331.38,343,129
7243,Scene Hundred,133.17,492,356
7244,There Contain,163.22,76,639
7245,It Fill,271.53,361,877
7246,Pay Fly,257.66,406,453
7247,Most Represent,455.99,223,548
7248,Fire Film,370.95,68,403
7249,Market Sense,421.44,284,267
7250,Fine Father,200.1,452,51
7251,Spend Year,168.61,64,339
7252,Himself Recent,28.21,18,105
7253,Surface Situation,419.27,418,748
7254,Low Somebody,184.35,391,92
7255,Concern Recently,444.08,476,112
7256,Film It,225.91,469,52
7257,By Specific,120.03,138,374
7258,Position Product,190.0,486,432
7259,Statement Must,315.04,339,960
7260,Condition Present,440.36,8,518
7261,Building Plan,23.84,492,463
7262,Think Attorney,43.04,284,794
7263,Back Effort,41.26,428,73
7264,Own Let,466.81,191,693
7265,Wife Fast,496.4,434,727
7266,Street Similar,8.45,462,25
7267,Benefit Down,320.33,63,696
7268,Attack College,416.61,238,695
7269,He Similar,353.24,302,304
7270,Hundred Boy,24.05,26,550
7271,Much Huge,96.63,370,993
7272,Far Try,386.79,336,535
7273,Hotel Lose,460.22,132,288
7274,Fight Bar,299.93,107,482
7275,Stand Fund,6.23,231,631
7276,Leader Have,363.66,497,592
7277,Since Research,136.89,258,44
7278,Resource Conference,396.19,345,135
7279,Each Own,15.92,108,148
7280,Outside Professional,416.23,279,549
7281,Drive Cell,21.08,184,400
7282,Structure Professor,480.06,229,13
7283,Phone Mr,476.58,65,80
7284,Mission Four,348.79,368,88
7285,First Important,5.73,265,936
7286,Campaign When,55.55,222,771
7287,Issue Finish,87.72,93,654
7288,Risk News,83.09,405,116
7289,Create Newspaper,233.72,273,841
7290,Manager Cell,169.26,171,74
7291,Ask Middle,437.91,85,830
7292,Themselves World,257.91,128,663
7293,Mean Not,210.89,361,855
7294,Somebody Card,482.1,455,971
7295,Nature Phone,334.87,234,615
7296,Third Almost,380.09,283,483
7297,Opportunity Officer,85.94,373,703
7298,Hold Describe,498.46,301,943
7299,Politics Clearly,154.04,29,99
7300,Go Kind,488.82,181,890
7301,Act Medical,64.89,260,482
7302,Short Always,204.37,51,408
7303,Style Market,50.42,385,782
7304,Where Discussion,284.08,102,25
7305,Sit Issue,195.57,18,830
7306,Outside Ok,419.22,14,959
7307,Capital Field,7.99,495,487
7308,These Now,457.15,351,227
7309,This Situation,135.64,315,150
7310,Way Before,387.93,193,672
7311,Behavior Major,288.35,121,338
7312,Growth Rather,168.82,161,365
7313,Type Break,36.53,112,148
7314,Treat Significant,435.98,297,772
7315,Its In,60.33,144,999
7316,Response Hear,388.06,484,241
7317,Such How,476.8,304,968
7318,Pretty Sing,93.58,168,689
7319,White Alone,434.25,344,403
7320,Film During,114.73,58,762
7321,Drive Argue,20.11,32,414
7322,Threat Deep,429.89,483,524
7323,Industry Morning,133.44,246,945
7324,Young Mission,275.06,283,189
7325,Will Bill,14.2,487,101
7326,Foreign Around,317.13,377,280
7327,Chance Drive,339.17,193,789
7328,Why Foreign,164.05,239,885
7329,Require Tell,127.58,30,441
7330,Exist Laugh,382.32,489,571
7331,Oil Hold,405.16,249,118
7332,Child Wait,73.31,406,409
7333,Blue Star,159.18,115,4
7334,Past Lot,200.4,71,539
7335,May Hold,143.54,51,335
7336,Into Always,312.41,353,747
7337,Somebody Sound,495.48,391,569
7338,Difficult Meeting,466.44,17,697
7339,Hotel Ball,442.21,383,962
7340,Score Meeting,266.43,470,643
7341,Campaign Interview,199.03,103,308
7342,Save Memory,331.27,442,346
7343,Seat Before,465.8,463,903
7344,Into As,241.43,396,690
7345,Effect Cause,288.94,154,8
7346,Top History,416.52,278,82
7347,Suddenly Big,197.77,200,367
7348,Record Behavior,142.88,424,431
7349,Industry Development,219.97,182,356
7350,Onto Near,321.27,447,976
7351,Usually Cover,94.94,38,57
7352,Significant Nice,141.32,351,285
7353,Behind Significant,12.51,133,184
7354,Experience Film,201.73,384,304
7355,Movie Meet,104.99,360,130
7356,End Us,32.66,131,774
7357,Choose Modern,240.8,85,74
7358,Exactly Occur,302.35,186,903
7359,Finish Save,328.04,186,830
7360,Page Either,182.98,488,220
7361,Listen Fund,48.21,113,34
7362,Task Chance,327.0,255,736
7363,Order Move,246.24,210,682
7364,Effort Song,431.05,385,863
7365,Thus Drop,354.87,421,811
7366,Describe Environment,111.32,431,671
7367,Baby Say,196.06,125,950
7368,Size Republican,474.01,257,308
7369,Game Include,121.79,125,234
7370,Strong Maintain,380.04,365,651
7371,Sport Environment,304.71,32,754
7372,Institution Game,422.71,198,906
7373,Participant Attack,401.62,152,85
7374,Picture Activity,191.37,367,904
7375,Point My,378.58,130,892
7376,Fact Develop,49.69,370,428
7377,Business Far,159.76,414,628
7378,Cover Scientist,135.57,306,387
7379,Likely Phone,417.37,332,575
7380,Inside Oil,327.74,107,324
7381,Really Where,18.74,222,512
7382,Include Other,305.49,478,409
7383,I Yet,77.11,298,424
7384,Medical Realize,353.19,13,673
7385,Baby West,50.52,460,89
7386,Or Drug,395.13,119,856
7387,Officer Public,458.28,232,643
7388,Another Same,178.78,200,853
7389,Question Member,453.09,258,159
7390,Tough Risk,449.7,368,679
7391,Chair Product,370.45,18,149
7392,Mention Small,67.85,86,455
7393,Expert Center,454.67,311,792
7394,Pressure All,156.59,28,454
7395,Financial Bank,207.5,388,465
7396,Put Certainly,407.52,263,73
7397,Always Including,403.05,498,948
7398,Project Official,446.99,394,132
7399,Life Actually,388.2,160,859
7400,It Place,457.88,287,355
7401,Career Expert,335.99,141,992
7402,Board Agree,422.25,12,183
7403,Form Amount,48.78,307,365
7404,Material What,284.55,294,502
7405,Put Stop,187.7,69,112
7406,Somebody Box,237.13,423,762
7407,Remain Occur,233.2,389,782
7408,Fire Everyone,290.03,289,205
7409,That Quality,136.17,363,988
7410,Couple Despite,86.7,406,243
7411,Never Republican,213.08,343,716
7412,Situation Grow,313.34,426,143
7413,Enter Recognize,122.54,336,826
7414,Service Strategy,178.7,404,393
7415,Until Statement,252.34,465,288
7416,None Get,161.13,462,112
7417,Sell Tend,72.22,293,921
7418,Product Cost,187.47,173,114
7419,General Save,288.74,442,441
7420,From Role,220.23,112,774
7421,Common Could,247.22,340,597
7422,May Sell,412.95,247,622
7423,Generation Boy,454.99,233,13
7424,Case Contain,319.3,426,382
7425,Recently Relate,319.61,99,210
7426,Type For,78.3,390,835
7427,Yard While,62.46,228,639
7428,Democrat Raise,23.48,427,856
7429,You He,137.59,103,716
7430,Current Up,305.29,467,198
7431,Inside Together,162.98,135,877
7432,Begin Term,317.34,170,586
7433,Ability Might,387.26,9,225
7434,Market Move,10.66,372,866
7435,Daughter Group,245.24,108,622
7436,End Suddenly,441.44,4,554
7437,Ready Consumer,375.47,214,218
7438,Police Attorney,480.81,451,261
7439,Experience Never,385.62,46,484
7440,Individual Believe,242.1,136,142
7441,Consider Painting,211.91,184,648
7442,Produce Move,73.51,141,817
7443,Realize But,35.17,49,425
7444,Author End,246.07,197,560
7445,Pattern New,235.8,250,269
7446,Economy Ability,27.87,114,518
7447,Official Strong,241.16,430,722
7448,Bar By,487.12,240,939
7449,Whose Mouth,440.04,489,792
7450,Respond Wife,110.91,495,961
7451,Wonder Here,312.26,483,159
7452,Clear Score,248.41,254,740
7453,Significant List,206.58,489,759
7454,Who Give,99.56,438,78
7455,Position Skin,15.76,53,647
7456,Brother Assume,431.31,60,14
7457,Nearly One,479.52,28,91
7458,Yeah Offer,148.42,406,924
7459,Those Participant,57.69,382,189
7460,Way She,155.48,141,228
7461,Deep Hold,57.77,47,514
7462,Discuss To,26.0,251,964
7463,Throughout Any,290.74,50,826
7464,Necessary Cover,469.81,36,999
7465,Evening Mean,342.58,266,711
7466,Can Same,401.79,173,667
7467,Dark Television,168.24,426,992
7468,Eye Foreign,154.08,247,355
7469,Fire Federal,71.8,197,923
7470,Eye Usually,118.85,222,998
7471,Name Hear,252.1,166,482
7472,Expect Other,136.26,184,754
7473,Beautiful Thing,39.92,448,847
7474,Eight Spend,444.62,142,77
7475,Other Difficult,383.8,388,633
7476,May Reason,202.51,263,758
7477,Opportunity Budget,87.86,255,396
7478,Fly What,231.19,165,189
7479,Data Not,71.62,358,898
7480,Center Move,377.93,82,670
7481,Region Interview,119.64,351,995
7482,Represent Middle,386.87,179,869
7483,In Special,37.97,62,722
7484,Policy Black,448.73,12,566
7485,Investment Figure,217.61,302,434
7486,Laugh Free,354.27,195,854
7487,Firm Less,182.32,407,358
7488,Author Behind,313.31,164,899
7489,Age Wish,369.8,103,660
7490,Himself Section,418.52,90,15
7491,Walk Run,259.05,130,411
7492,Box Whom,447.04,243,553
7493,Off Management,46.35,278,153
7494,Road Number,118.83,30,652
7495,Pick Back,274.84,80,826
7496,Same Medical,143.57,237,693
7497,Seven Enjoy,127.19,114,746
7498,However These,32.65,339,503
7499,Trial Indicate,136.81,296,368
7500,Dinner Strategy,199.07,424,398
7501,Seek Piece,26.19,125,596
7502,Morning Exist,446.81,215,586
7503,Wind Front,296.99,405,637
7504,Standard Life,281.64,129,972
7505,Organization Sign,316.1,47,147
7506,Despite Reason,157.63,213,68
7507,Here Listen,139.05,108,899
7508,Move Together,483.12,423,457
7509,Hand Weight,197.35,109,365
7510,Behind Space,135.91,225,456
7511,Song Put,79.0,290,156
7512,Place Part,155.8,219,817
7513,Expert Film,327.64,94,605
7514,Herself Purpose,130.56,289,554
7515,Capital Republican,409.76,205,306
7516,Run Camera,478.51,390,911
7517,Five Doctor,257.12,364,350
7518,Effect Guess,290.78,112,758
7519,Easy Read,46.49,322,589
7520,Feel Not,28.45,476,657
7521,American When,294.47,335,562
7522,Five North,441.34,180,87
7523,Reach Idea,310.06,323,251
7524,Young Relationship,153.83,153,945
7525,Man Amount,148.8,491,365
7526,First Action,200.94,469,684
7527,Walk Prepare,167.34,117,496
7528,The Though,333.46,175,642
7529,Act Share,276.88,276,564
7530,There Relate,252.32,82,302
7531,Discussion Seven,36.22,91,840
7532,Nature Hour,109.0,210,13
7533,Thank About,137.98,24,581
7534,Brother Ten,74.88,157,146
7535,Third Expert,153.65,239,680
7536,Care East,438.97,30,257
7537,Light Issue,429.75,463,122
7538,Area Have,92.5,359,288
7539,East Sort,177.91,359,117
7540,By Pressure,166.03,365,287
7541,Apply Conference,90.7,478,389
7542,Church Finally,343.07,76,407
7543,National Pull,184.68,237,974
7544,Political Air,215.97,81,428
7545,Anyone Fly,97.51,331,476
7546,Mother Might,89.43,371,910
7547,Debate Do,145.26,110,767
7548,Force Consumer,167.27,461,608
7549,Catch Final,380.08,400,958
7550,Away Help,206.25,416,597
7551,Act Kind,166.24,243,173
7552,Onto During,136.63,318,487
7553,Husband Stop,63.77,138,8
7554,Relationship Mr,473.67,196,18
7555,Wrong Teach,402.38,417,942
7556,Key Actually,371.88,282,747
7557,Hot Interest,423.74,285,122
7558,Indeed Start,447.94,72,354
7559,Situation Seat,389.67,251,392
7560,Specific Language,298.94,304,262
7561,Generation Police,491.92,74,669
7562,Identify Allow,217.82,323,252
7563,Box Teacher,441.54,162,918
7564,Main Human,419.27,1,563
7565,Impact Clear,426.37,108,990
7566,Different Power,42.33,413,485
7567,Grow Improve,388.57,428,668
7568,Agent Join,400.69,478,558
7569,Different Field,414.87,410,768
7570,Person Four,401.12,115,530
7571,Consider Collection,232.54,333,275
7572,Join Stand,143.58,271,705
7573,Civil Husband,117.94,175,58
7574,Better Tv,327.59,169,946
7575,Try Finally,298.96,462,252
7576,Next Control,132.43,129,740
7577,Indicate Something,324.62,207,205
7578,Consumer Will,52.62,266,988
7579,Note Often,226.07,345,980
7580,When After,231.04,73,115
7581,Prevent According,211.6,64,743
7582,Interview Fact,258.69,492,630
7583,American Result,227.1,187,436
7584,Method Close,192.15,345,386
7585,Country Maybe,83.72,218,668
7586,Choice Yourself,316.82,36,456
7587,Mrs Team,69.53,290,390
7588,Room Agent,420.01,265,277
7589,Continue Marriage,413.54,479,594
7590,Stage Stock,140.57,11,995
7591,Congress Deal,463.22,73,853
7592,Person Run,317.38,299,756
7593,Film Hotel,26.81,104,829
7594,Pass It,50.6,65,440
7595,President Eight,121.39,71,946
7596,Remember Our,45.27,371,197
7597,Under Law,469.08,487,806
7598,Operation Have,416.94,204,419
7599,Report Change,199.88,458,867
7600,Direction Big,158.72,180,706
7601,Under Current,21.92,257,615
7602,In Performance,117.3,449,881
7603,House Avoid,234.65,44,608
7604,They Just,295.88,340,815
7605,Claim Happen,97.93,404,645
7606,Finally It,49.21,316,289
7607,After Attorney,475.43,453,523
7608,Life Account,126.52,487,121
7609,Fine Full,155.96,41,551
7610,Any Center,119.13,357,430
7611,Discover Movement,377.65,173,193
7612,Upon Start,402.07,355,16
7613,Yourself Bar,334.08,223,785
7614,Relationship Usually,229.36,181,402
7615,Beat Ten,30.72,2,312
7616,Specific Least,325.16,457,371
7617,Property Special,115.84,203,598
7618,Window Control,202.31,456,224
7619,Letter Drug,124.74,277,959
7620,Teacher Choose,195.83,263,618
7621,You Night,381.58,18,807
7622,Soon Mr,140.29,481,641
7623,Mean Church,479.63,433,451
7624,Be Leg,467.74,39,818
7625,Half Light,117.99,392,136
7626,Indicate Road,195.57,138,131
7627,Whether Four,418.91,319,818
7628,Join Alone,38.36,8,802
7629,White Yeah,124.06,281,582
7630,Will Memory,498.01,327,655
7631,Actually Trouble,327.69,158,937
7632,Result Life,153.15,334,857
7633,Child Crime,177.04,466,703
7634,He Course,51.51,421,727
7635,Attorney Born,420.54,164,872
7636,Red Building,162.76,184,851
7637,Drop Return,65.67,91,218
7638,Table Baby,303.84,398,883
7639,Mention Design,474.74,15,663
7640,Radio Standard,169.65,361,792
7641,Performance Lot,188.05,449,190
7642,Which Have,286.73,247,630
7643,Service Senior,372.76,54,993
7644,Election Recent,322.77,365,10
7645,Base Control,23.21,246,419
7646,Ahead Father,312.86,202,211
7647,Become Hair,483.59,411,191
7648,Employee What,84.32,326,370
7649,Give Space,279.51,33,94
7650,Address Measure,299.15,20,361
7651,Past Theory,84.38,141,711
7652,Also Through,64.16,255,640
7653,Think Wife,16.42,479,889
7654,Fill Foot,329.72,11,353
7655,Free Perform,224.27,290,938
7656,Religious Toward,129.4,46,259
7657,Stand No,442.07,115,157
7658,Hour Say,278.49,378,305
7659,Feeling Them,183.71,98,230
7660,Bed Source,211.01,114,901
7661,Wait Pull,437.17,476,945
7662,Rule Last,286.28,298,684
7663,Medical Sure,262.44,213,831
7664,Cultural Street,319.71,84,590
7665,Use Imagine,126.07,345,889
7666,International Foreign,397.56,22,425
7667,Sense He,309.75,192,477
7668,Agreement Religious,382.21,366,190
7669,None Sing,468.79,405,773
7670,Hit Page,124.87,112,445
7671,South Book,258.4,277,577
7672,Nearly Current,30.01,413,78
7673,Of Great,191.56,224,618
7674,Despite Smile,464.04,384,610
7675,Season Son,480.86,332,520
7676,Country Serious,343.38,470,247
7677,Child Threat,113.33,252,420
7678,Couple Will,200.38,140,933
7679,Little Keep,252.42,2,346
7680,Appear Force,482.93,86,377
7681,End Attorney,157.37,35,938
7682,Rather Ever,436.26,16,847
7683,Attorney Not,358.96,446,117
7684,Guy Hope,272.02,339,237
7685,Office Sport,68.02,205,874
7686,Ten Between,392.19,363,993
7687,Evening New,175.16,75,598
7688,Never Race,191.46,452,868
7689,Season Official,424.99,236,964
7690,He Environmental,456.54,371,943
7691,Onto Ground,80.59,286,926
7692,Similar Walk,281.18,375,5
7693,Old Life,350.1,313,896
7694,Write Whom,469.33,369,596
7695,Available Various,49.02,74,467
7696,Happen Let,464.69,472,70
7697,Night Her,118.25,419,865
7698,Commercial Total,35.89,255,849
7699,Trouble Line,75.23,290,986
7700,Fill Star,97.03,7,545
7701,Half Use,335.42,429,833
7702,But Risk,88.48,79,719
7703,Recently Nature,252.9,421,159
7704,Little Throughout,256.19,110,389
7705,Truth Even,356.83,347,87
7706,Professor Military,178.56,188,792
7707,Size Agreement,166.5,424,423
7708,Investment Business,335.84,142,467
7709,Drug Vote,132.74,363,476
7710,Foot Sometimes,391.16,164,826
7711,Move Final,270.01,246,764
7712,Discuss Win,478.28,194,292
7713,Defense Travel,275.91,476,856
7714,Threat Several,292.24,92,416
7715,Available Test,461.98,431,559
7716,Team You,72.22,336,536
7717,Simply Cause,99.7,85,270
7718,Cultural Produce,240.53,318,674
7719,Think Sister,358.72,169,996
7720,Civil Fly,288.81,477,954
7721,Call Leg,93.41,306,908
7722,Set Television,461.34,121,632
7723,Wide Allow,114.84,356,315
7724,Maintain Born,400.18,366,803
7725,Strong Party,165.02,353,319
7726,Give Full,346.76,426,70
7727,Hundred Surface,197.44,383,602
7728,Analysis Laugh,321.54,262,391
7729,For More,94.83,417,835
7730,Long Technology,418.76,36,719
7731,Television Catch,207.4,416,525
7732,Throw Leader,97.76,155,608
7733,Religious Sell,329.39,173,182
7734,Build Suffer,369.13,15,510
7735,Follow Crime,493.12,476,819
7736,Case Business,132.78,120,38
7737,Method Woman,23.97,304,341
7738,Believe Music,438.55,42,792
7739,Sister Young,295.48,222,163
7740,Debate Star,30.46,367,617
7741,Lawyer Tough,209.23,305,885
7742,Fund Day,371.38,23,496
7743,Our Only,443.18,331,919
7744,Military While,262.31,317,749
7745,The Wrong,369.78,73,236
7746,Perhaps Agency,407.27,457,416
7747,Manager Difference,193.24,277,508
7748,Need Recently,310.85,71,13
7749,Specific Pm,317.47,170,284
7750,Enough Box,63.95,163,449
7751,Natural These,116.18,497,267
7752,Decision General,138.79,3,664
7753,If Performance,371.47,342,595
7754,Rich Cup,372.19,132,832
7755,Television Onto,18.62,19,493
7756,Way Focus,71.22,50,264
7757,As Morning,213.16,365,541
7758,Really Bed,387.63,171,799
7759,Tough Her,236.36,375,95
7760,Their Ago,298.75,171,896
7761,Cell Bed,333.76,424,292
7762,Owner Source,190.44,107,414
7763,Yeah Might,230.02,410,280
7764,Agency Baby,298.4,386,404
7765,Third Window,46.02,91,416
7766,Might Serious,154.44,442,255
7767,Red Race,203.51,435,267
7768,At Result,290.11,291,99
7769,Nice Produce,45.32,97,907
7770,Determine Including,65.47,481,823
7771,Sound Return,31.59,219,150
7772,All Attack,497.18,320,338
7773,Institution Person,495.23,100,837
7774,Memory Analysis,406.95,410,126
7775,Move Personal,320.79,405,828
7776,Score Near,177.6,376,712
7777,Teach Eye,250.39,306,338
7778,Almost Sometimes,166.49,396,191
7779,Character Ask,353.07,462,464
7780,Woman Care,406.12,400,507
7781,Current He,78.21,182,282
7782,Only Individual,166.56,47,104
7783,Consider Opportunity,62.89,422,951
7784,Billion Sure,331.62,232,114
7785,Collection Dream,480.19,16,493
7786,His Rate,377.17,327,525
7787,Energy Shake,335.56,267,263
7788,Work Society,314.63,92,885
7789,Blood Put,124.6,330,950
7790,Media System,316.47,262,328
7791,Region Past,351.92,345,548
7792,Actually Note,36.19,314,216
7793,Unit By,181.69,211,818
7794,Campaign Before,330.55,247,87
7795,Near Style,434.65,405,892
7796,True Third,162.65,208,791
7797,Difference If,102.89,124,840
7798,Describe Range,180.03,41,87
7799,Five Itself,197.81,102,700
7800,Also Inside,347.97,299,913
7801,Send Ability,450.29,376,914
7802,Far Career,175.66,300,98
7803,Attorney Smile,460.39,51,652
7804,Child Yeah,51.27,416,243
7805,High Example,188.06,426,590
7806,Suggest Pass,233.99,64,604
7807,Region Ago,133.94,10,280
7808,It Light,306.08,120,941
7809,Though Clearly,227.55,434,136
7810,Voice Use,37.04,87,280
7811,Maybe Structure,271.01,152,356
7812,Alone The,91.48,120,767
7813,Hot Decade,355.73,8,30
7814,Least Alone,132.28,426,929
7815,Others Cut,129.49,255,681
7816,Interest Challenge,306.64,115,961
7817,Such Trade,343.62,259,270
7818,Factor Me,225.36,362,395
7819,Open Suffer,260.83,303,491
7820,Church History,280.07,262,973
7821,Probably Miss,277.19,125,176
7822,Significant Key,481.31,137,947
7823,Order Threat,434.75,446,199
7824,Plan Exist,468.01,318,412
7825,Early Key,51.02,358,162
7826,Traditional Like,92.34,434,257
7827,Owner Effort,156.51,379,166
7828,Many Where,7.33,491,295
7829,Home Card,87.98,384,413
7830,Brother Someone,123.58,49,189
7831,Culture Type,195.02,388,281
7832,Forward Civil,378.97,35,516
7833,Through Right,440.3,449,431
7834,Ground War,390.52,431,585
7835,Area Pay,266.98,435,307
7836,Significant Under,351.02,229,464
7837,Cover Game,68.05,168,931
7838,Throw Cut,29.2,396,5
7839,Paper Lay,256.25,176,508
7840,Together Simple,360.54,56,550
7841,Hear Decade,271.77,74,146
7842,Station During,311.09,471,312
7843,News Decide,361.04,242,673
7844,Walk Mr,10.43,365,318
7845,Difference Hour,381.23,304,500
7846,Light Weight,451.6,467,28
7847,Big Push,460.83,270,608
7848,Prepare Scientist,455.75,490,361
7849,Check Movie,406.94,61,629
7850,Where Student,116.38,182,747
7851,Amount Big,131.26,397,42
7852,Front Color,316.41,50,153
7853,Citizen Adult,7.61,337,425
7854,We Bring,425.86,245,426
7855,Group Fire,466.42,196,162
7856,Help Model,288.31,410,453
7857,Bad Hour,321.99,86,849
7858,Herself Week,431.73,378,159
7859,Cover Political,359.66,368,895
7860,Drive Data,51.66,267,240
7861,House Pattern,219.45,155,254
7862,Detail Understand,336.76,44,449
7863,Environment Radio,43.98,68,260
7864,Approach Or,337.85,117,437
7865,Hope Treat,33.67,156,829
7866,Picture Drug,242.56,287,741
7867,Back Suffer,223.62,20,27
7868,Its Somebody,349.41,356,241
7869,Second Six,169.16,91,862
7870,Have Message,195.07,382,485
7871,Entire All,110.7,283,348
7872,Hard Word,339.29,376,848
7873,Call Forget,404.93,168,511
7874,Mind Unit,497.91,221,323
7875,Name Spend,146.34,276,759
7876,Attorney While,272.2,324,655
7877,Word Travel,13.7,12,881
7878,Production Nothing,96.78,139,386
7879,Serve You,305.16,180,756
7880,Job On,445.09,16,99
7881,Assume Not,300.32,353,421
7882,Former Energy,302.9,224,27
7883,How Raise,412.1,467,758
7884,Short Daughter,313.94,378,237
7885,Life Appear,357.56,201,921
7886,Individual Word,473.81,47,211
7887,Themselves Sell,276.38,405,48
7888,Opportunity Population,260.26,345,222
7889,Letter Series,177.23,445,542
7890,Respond Fear,121.15,299,748
7891,Need Heavy,224.7,39,151
7892,Bed Magazine,451.56,497,458
7893,Raise Hot,33.58,326,823
7894,War Sister,62.6,228,452
7895,Him Power,391.46,244,822
7896,Success Gun,71.64,414,995
7897,Class Service,274.42,278,891
7898,Increase We,333.28,107,979
7899,Sell They,378.95,455,775
7900,Recently Rule,321.79,86,44
7901,Government Right,444.83,165,253
7902,Increase Skin,89.61,219,856
7903,Late True,286.77,169,423
7904,Could Consumer,150.27,259,669
7905,Service Administration,42.39,417,104
7906,Rate Drive,445.11,414,296
7907,Once Least,56.43,490,680
7908,Question Safe,225.38,360,181
7909,Relate General,420.29,227,561
7910,Resource Performance,9.62,159,597
7911,Happen Last,360.72,11,611
7912,Despite Practice,409.41,291,582
7913,This Art,369.08,94,587
7914,Themselves True,381.45,492,536
7915,Fish Rest,42.3,406,243
7916,Accept Wide,410.97,93,547
7917,Girl Left,423.42,452,353
7918,Free Let,357.64,323,336
7919,Card Glass,50.98,150,341
7920,Particular Between,473.11,489,984
7921,Church Positive,452.88,227,461
7922,Wall Product,34.9,134,980
7923,Ever Grow,300.99,155,631
7924,Clearly Join,418.32,132,123
7925,Sometimes Color,297.68,220,633
7926,Look News,9.92,384,866
7927,Resource Environment,455.09,51,710
7928,Threat International,274.65,52,863
7929,Discussion As,115.34,430,359
7930,Second Herself,36.41,434,488
7931,Nature She,384.81,25,323
7932,Enter Should,168.08,67,865
7933,Article Prove,108.06,491,519
7934,Soon Whatever,158.0,405,666
7935,Manager Sister,151.73,171,844
7936,Ahead Activity,28.59,379,587
7937,Record Economy,136.51,416,287
7938,Guy Site,222.12,151,360
7939,Miss Bring,247.16,272,727
7940,Special Continue,420.4,214,930
7941,Center Score,205.77,439,942
7942,So Themselves,52.38,77,895
7943,Me Be,58.62,47,172
7944,Short Light,135.54,364,180
7945,Option Write,484.26,112,617
7946,Fast Size,374.61,25,132
7947,Else Run,198.56,4,100
7948,Yard Up,453.45,408,418
7949,Itself Race,270.24,112,995
7950,Poor State,309.36,10,564
7951,Hold Cup,343.94,295,663
7952,He Lawyer,25.06,237,204
7953,Until We,184.13,54,82
7954,Bring Themselves,277.41,82,230
7955,Make Guess,242.4,77,684
7956,Environment Scientist,218.22,114,919
7957,Time Finish,285.03,40,673
7958,Voice Value,471.81,310,767
7959,On Chance,319.7,10,522
7960,End Minute,171.71,43,515
7961,Hospital Grow,416.79,305,352
7962,Particularly House,123.57,116,246
7963,Here Figure,173.61,494,644
7964,Too Institution,390.89,325,864
7965,Begin Feeling,275.41,121,192
7966,Sell Exactly,353.76,253,60
7967,Become After,53.66,328,519
7968,Together Employee,496.18,500,264
7969,Protect Current,225.07,425,433
7970,Traditional Because,147.22,409,295
7971,Affect Magazine,277.65,31,256
7972,Word Fine,14.12,363,840
7973,Western Reduce,48.41,39,989
7974,To Still,65.06,132,270
7975,Market Foreign,463.64,166,680
7976,Around Public,469.99,397,208
7977,To Song,168.06,4,454
7978,I Fish,162.28,267,182
7979,Discuss Plan,89.43,487,372
7980,Study Speak,5.63,268,619
7981,International However,263.59,229,328
7982,Reach Himself,249.86,358,566
7983,Beyond Do,382.79,484,878
7984,Side Back,79.89,151,460
7985,Husband Analysis,29.08,276,801
7986,Ready Sound,264.48,142,754
7987,Security Week,277.92,378,355
7988,Then Possible,279.44,309,872
7989,Deal Message,368.89,354,460
7990,Stand Project,379.79,378,480
7991,Direction Such,495.37,85,66
7992,Ten Site,165.34,469,931
7993,Game Central,275.06,137,696
7994,Program Color,461.71,180,479
7995,Movie Ever,99.05,491,980
7996,Level Yes,286.87,440,73
7997,Tonight Scene,190.07,323,400
7998,More Perhaps,428.49,322,129
7999,Item Table,306.77,182,343
8000,Story Enough,226.91,486,122
8001,Hot Surface,105.73,187,816
8002,Any Role,388.34,473,946
8003,Develop Six,49.67,423,256
8004,Specific Through,156.1,175,877
8005,Reason Role,110.68,63,668
8006,Congress Party,310.32,480,546
8007,Produce Pretty,30.29,28,456
8008,Particular Seek,250.62,386,754
8009,End Example,270.3,269,944
8010,Tough Recognize,294.85,170,92
8011,Paper Resource,76.4,433,105
8012,Message Boy,218.71,381,186
8013,Start Tonight,105.65,82,712
8014,Outside Agree,304.57,89,565
8015,Decide Day,120.87,32,519
8016,Money Thank,383.38,144,51
8017,Skin Possible,455.77,435,43
8018,Staff Sea,80.57,424,698
8019,Court Space,402.01,224,456
8020,Green Response,34.43,397,290
8021,Class Life,477.55,179,239
8022,Instead Couple,408.97,99,44
8023,Term Compare,343.34,371,492
8024,Group Sense,435.85,119,414
8025,Knowledge Even,469.73,133,863
8026,Road Machine,356.48,286,922
8027,Hard World,58.83,464,545
8028,Far In,181.69,317,996
8029,Weight Able,157.47,323,841
8030,Network Accept,475.67,392,351
8031,Former Pattern,455.64,464,283
8032,Must Per,306.74,296,134
8033,If Any,286.92,500,858
8034,Offer These,427.25,307,150
8035,History Matter,12.73,33,699
8036,Away Enough,173.5,247,55
8037,Crime Middle,497.4,437,49
8038,Security Of,376.72,88,820
8039,Something Recently,268.56,282,765
8040,Nice Mouth,25.0,153,65
8041,Somebody Suffer,42.3,35,424
8042,Maintain About,335.82,425,113
8043,Exist Improve,339.97,429,567
8044,Help Decade,463.1,45,905
8045,Check Beautiful,330.45,246,47
8046,His Up,89.65,175,281
8047,Oil Thought,343.39,479,946
8048,Action Fire,357.65,4,740
8049,Occur Food,437.21,315,617
8050,Institution Smile,135.21,421,272
8051,Yeah Page,482.5,31,353
8052,Instead Best,244.81,353,158
8053,Side Seven,447.66,437,853
8054,Successful Outside,289.86,18,332
8055,Section Quality,286.09,314,770
8056,Four Possible,160.99,320,997
8057,Western Word,159.66,487,275
8058,Mr Himself,438.6,388,585
8059,You Read,121.39,153,687
8060,Short Even,197.51,250,678
8061,Off Nice,294.56,65,45
8062,Join Improve,470.46,6,924
8063,Management Development,325.64,67,121
8064,Interesting Tell,60.06,350,908
8065,Pass Provide,189.59,372,600
8066,Stage Religious,410.69,250,773
8067,Show Great,215.91,37,491
8068,View Situation,197.05,56,911
8069,Team Senior,82.22,394,26
8070,Everyone Authority,366.67,49,71
8071,Admit Sit,143.93,35,773
8072,Girl Bad,307.6,445,471
8073,Above Test,260.46,13,657
8074,Value Customer,129.76,324,621
8075,Statement Finish,465.42,280,453
8076,Turn Consumer,480.65,406,463
8077,Way Support,476.1,411,922
8078,Exactly Admit,280.33,239,196
8079,Their Consider,167.6,433,437
8080,Open Treatment,256.92,162,272
8081,Realize Future,98.36,234,561
8082,Break Father,310.51,451,534
8083,Prepare He,247.49,141,920
8084,Event Theory,377.99,37,870
8085,Bag Budget,393.24,92,427
8086,Yet Than,153.42,332,799
8087,Too Learn,23.46,364,655
8088,Note Land,460.61,265,825
8089,Say Again,403.32,17,999
8090,Station Theory,112.64,161,927
8091,Reduce Our,322.91,323,472
8092,Herself Rate,219.85,175,905
8093,Foreign Customer,256.59,418,221
8094,Party Pretty,127.75,32,912
8095,Yourself Word,190.57,39,438
8096,Toward Understand,406.76,71,945
8097,Bad Vote,234.96,180,669
8098,Weight Area,145.55,458,438
8099,Watch Assume,273.04,496,31
8100,Site Record,232.35,29,286
8101,Air Wind,208.96,330,377
8102,Follow Name,27.48,186,209
8103,Message Detail,434.72,263,922
8104,Realize Receive,465.89,237,301
8105,Respond Phone,179.36,65,752
8106,Money Stand,413.55,122,542
8107,Cut Around,190.78,464,657
8108,Budget Most,349.72,234,859
8109,Effect Part,424.37,114,358
8110,Their Maintain,170.68,67,97
8111,Art Opportunity,491.94,330,776
8112,House Prevent,467.45,197,811
8113,Use Mr,199.04,145,100
8114,Far Hit,445.95,463,563
8115,Account Hand,407.28,292,508
8116,Think Run,487.09,161,948
8117,Page Person,495.74,407,903
8118,Dinner Give,486.41,37,414
8119,Point Training,497.84,311,645
8120,Someone Customer,485.18,84,290
8121,Growth Various,424.33,306,23
8122,Clearly Hand,153.57,278,826
8123,Reason Though,130.84,7,108
8124,Case Them,26.66,105,174
8125,Age Baby,58.09,47,303
8126,Task Development,146.66,105,154
8127,Nearly Move,126.86,337,407
8128,Create Without,331.87,451,146
8129,Truth Behavior,93.24,112,903
8130,Four As,421.48,331,330
8131,Process Fact,184.86,124,602
8132,Data Discuss,49.01,375,795
8133,Commercial Speech,324.57,363,910
8134,Again Manage,51.36,414,456
8135,Certain Require,277.82,268,551
8136,Group Its,452.79,463,796
8137,Wind Sport,418.4,110,857
8138,Will Imagine,353.88,193,642
8139,Move Industry,141.75,412,544
8140,Event Themselves,383.7,270,273
8141,Economy Himself,264.55,390,140
8142,West Cold,429.0,345,40
8143,Clear Itself,477.48,246,70
8144,Themselves Almost,430.86,16,686
8145,Parent Paper,213.25,421,529
8146,Dark Important,211.59,420,814
8147,One Partner,158.69,21,530
8148,Both Prove,230.33,132,126
8149,Shake Push,299.3,39,521
8150,Yet Section,94.11,62,424
8151,Case Be,276.81,292,830
8152,Culture Leg,447.07,325,680
8153,Contain Safe,271.31,224,537
8154,Population Conference,56.98,484,696
8155,Its Small,406.82,418,949
8156,Forward Information,442.88,277,759
8157,Instead As,358.08,221,971
8158,Yet Somebody,19.63,49,366
8159,Man Camera,410.95,6,293
8160,Leader Laugh,59.62,424,271
8161,Everyone Blood,89.2,347,324
8162,Should Mother,401.19,437,171
8163,Sign Herself,293.09,263,128
8164,Who Choice,430.74,352,331
8165,Page Kid,487.02,230,42
8166,Ball Cut,443.78,207,67
8167,Whom Just,18.34,395,916
8168,Pull Score,267.1,209,151
8169,Character Serve,278.48,217,164
8170,Wife Nature,421.2,467,168
8171,On Hit,354.18,207,501
8172,Pass Identify,72.88,312,988
8173,Test Close,43.74,165,508
8174,Local Sport,100.93,97,392
8175,Also Along,131.34,5,158
8176,Give Response,406.31,47,437
8177,So Realize,116.93,479,361
8178,Effort Specific,437.8,294,658
8179,Eight Management,445.78,139,399
8180,Money Think,179.09,225,520
8181,Drop Author,320.56,126,544
8182,Treatment Evening,175.15,143,137
8183,Avoid History,290.79,109,11
8184,Establish Modern,174.11,69,971
8185,Few Democrat,252.48,171,922
8186,He Window,173.25,141,240
8187,House Throw,419.36,111,246
8188,Message Stay,106.39,211,284
8189,Phone Road,60.67,51,753
8190,Teacher Ever,300.58,19,50
8191,Several Job,143.71,352,125
8192,By Call,353.72,32,772
8193,And Certainly,382.37,355,690
8194,Throw Every,366.58,459,133
8195,White Call,74.15,129,290
8196,Age Window,33.31,190,953
8197,Result Before,461.18,56,767
8198,Leave Look,410.65,312,882
8199,Economy Program,227.38,383,815
8200,Bring Official,269.59,228,570
8201,Far Store,245.54,448,351
8202,Man Radio,408.77,299,825
8203,His Common,434.88,8,399
8204,But Employee,483.96,305,278
8205,While Fish,253.92,458,418
8206,Different Option,40.68,44,131
8207,Describe Body,311.99,105,206
8208,One Author,140.86,157,310
8209,Government Stock,484.82,255,510
8210,Try Whom,220.18,497,564
8211,Know Begin,24.15,407,557
8212,Where Where,309.49,39,256
8213,Car Sense,112.13,307,221
8214,Great Play,265.28,171,128
8215,Into Western,225.68,478,849
8216,Usually Exactly,19.45,419,43
8217,Minute Key,331.72,86,167
8218,Hope Natural,266.11,349,629
8219,Position Week,110.42,201,129
8220,Forget You,175.14,49,978
8221,So Federal,370.73,164,159
8222,I American,167.85,480,456
8223,Writer Activity,117.12,158,204
8224,Ability Young,68.95,160,172
8225,Feel Challenge,425.88,361,822
8226,Wait Affect,21.46,124,848
8227,Join Drop,495.11,79,783
8228,Pm Thank,314.66,274,442
8229,Enjoy Interesting,199.94,336,726
8230,Risk Reality,112.36,122,232
8231,Administration Raise,248.79,31,898
8232,Face Picture,181.85,219,800
8233,Quite Best,323.05,135,168
8234,Card Perform,436.59,466,228
8235,Tell We,72.14,103,523
8236,Happy Tv,346.82,274,734
8237,Exactly Far,397.75,408,119
8238,Republican Democratic,218.45,409,99
8239,Place Town,149.06,100,943
8240,Discuss Daughter,437.18,364,617
8241,Out Education,443.83,260,498
8242,Century Stay,456.57,86,175
8243,Government Throughout,408.48,324,809
8244,Able Scientist,191.66,363,93
8245,Way Life,156.65,247,29
8246,Be Goal,473.84,103,251
8247,Write Wish,241.8,100,301
8248,Kind Ok,321.43,342,348
8249,Mr Television,61.31,111,794
8250,Family Analysis,33.71,380,475
8251,Decide Speak,38.98,241,29
8252,Around Investment,485.98,109,615
8253,Decision Authority,372.27,337,948
8254,Forward Already,14.34,240,823
8255,Example Fall,30.87,377,992
8256,Grow Green,321.88,196,366
8257,Age Manager,301.45,286,347
8258,The Market,61.84,215,87
8259,System Level,498.47,109,850
8260,What Produce,100.71,48,964
8261,Myself Health,33.17,333,868
8262,Series Design,455.39,241,174
8263,Travel Out,352.0,238,445
8264,Follow Like,227.74,91,929
8265,Development Sense,402.88,497,245
8266,Will Particular,444.13,444,829
8267,Race Seek,186.66,23,894
8268,Material Reveal,224.71,283,108
8269,Accept Use,428.4,475,890
8270,Him Nothing,135.31,188,290
8271,Candidate Over,384.2,377,604
8272,Others About,494.39,233,377
8273,Improve Kitchen,112.8,462,780
8274,Seat Ask,101.68,14,293
8275,Onto Reveal,419.51,436,669
8276,Station Cold,218.89,372,162
8277,Or Plan,189.8,398,479
8278,International Threat,81.34,327,649
8279,Lot Top,146.38,481,149
8280,Unit Rate,195.84,294,989
8281,Hold Catch,201.68,427,141
8282,Policy Market,485.43,12,717
8283,Nice Control,435.66,120,461
8284,Modern Order,387.34,355,398
8285,Country Or,131.24,386,606
8286,Top Information,14.18,399,409
8287,Message Fast,414.99,495,309
8288,Call Out,144.91,124,48
8289,Lay Last,419.42,321,97
8290,Pm Hard,303.93,322,92
8291,Rather Law,92.97,291,876
8292,Its Front,155.17,342,745
8293,Player Fall,87.46,110,789
8294,Contain Sea,421.78,224,795
8295,Ball Word,157.53,427,241
8296,Service Recently,312.23,277,863
8297,Office Somebody,170.1,379,627
8298,Responsibility Thousand,157.64,400,277
8299,Woman Task,110.63,35,823
8300,However Employee,75.02,434,834
8301,Service Lawyer,153.56,330,243
8302,Late Imagine,257.48,283,475
8303,Set Reveal,449.02,472,935
8304,Use Half,81.65,289,426
8305,Process Card,137.45,435,769
8306,Almost Process,258.92,436,275
8307,Charge Itself,237.04,464,72
8308,Baby Camera,215.1,20,719
8309,Medical Goal,294.24,106,52
8310,Receive Account,26.76,436,403
8311,Nor Page,245.68,217,183
8312,Probably Player,109.56,234,315
8313,Your Sign,31.83,88,170
8314,Road East,321.11,457,662
8315,Data Federal,459.32,217,941
8316,Firm Late,399.29,92,964
8317,Civil Business,295.93,46,460
8318,Image Purpose,431.82,490,194
8319,Summer Great,43.88,332,189
8320,Father Necessary,109.11,301,164
8321,Least Direction,117.86,253,471
8322,Management Defense,351.28,11,830
8323,Commercial Teach,371.09,36,27
8324,Blood Board,305.74,68,95
8325,Hear Pattern,387.67,16,645
8326,Ahead Cost,483.66,377,938
8327,Policy Body,173.97,484,881
8328,Economy Little,319.93,252,6
8329,Create Care,455.83,381,654
8330,Audience Bit,16.24,288,187
8331,West Floor,411.53,473,985
8332,Relationship Player,468.22,485,706
8333,Turn Condition,102.82,92,978
8334,Quality Sing,371.44,412,912
8335,Quickly Performance,462.23,189,560
8336,Plan Enough,177.13,152,679
8337,Hand Condition,440.44,316,272
8338,Join There,387.98,353,779
8339,Choice Street,64.11,66,99
8340,Second Movie,130.74,151,421
8341,Open Soldier,395.98,254,47
8342,They School,367.24,177,906
8343,Control Big,370.95,152,499
8344,Risk Half,264.82,14,10
8345,Relate Board,23.66,176,674
8346,Region Training,298.09,4,680
8347,Figure Matter,320.01,286,319
8348,Opportunity Painting,446.61,478,248
8349,Per Idea,466.17,86,379
8350,How Federal,33.23,462,465
8351,Traditional Authority,9.16,301,691
8352,Must Data,98.13,414,648
8353,Major Care,45.69,59,548
8354,Current Research,125.57,150,120
8355,Commercial From,312.61,432,122
8356,Effort Something,262.61,348,736
8357,Analysis Short,250.98,202,168
8358,Policy Democrat,217.29,98,490
8359,Meet The,420.84,281,459
8360,Evidence Strong,239.62,61,910
8361,This Represent,306.44,275,823
8362,Speech Imagine,151.37,415,625
8363,Discussion Yet,107.22,297,772
8364,Trial Wish,272.46,188,955
8365,Religious Republican,235.66,38,588
8366,True A,252.07,47,882
8367,Shoulder News,368.6,71,295
8368,Look Just,89.75,202,609
8369,Quite Address,143.09,428,15
8370,Traditional Card,288.47,495,935
8371,Star Action,50.14,83,118
8372,Worry Expert,497.27,76,626
8373,Bar Believe,94.36,307,944
8374,Charge Surface,180.22,425,165
8375,Ask Because,198.52,70,247
8376,Rest Leg,204.14,188,247
8377,Country Agree,210.65,249,903
8378,Shoulder Discuss,140.95,284,643
8379,Four Join,57.16,281,35
8380,Crime Market,286.24,327,696
8381,Describe Process,180.94,234,215
8382,Wide Enough,386.47,316,15
8383,Physical Religious,467.17,368,516
8384,Next Administration,403.52,179,334
8385,Law Training,167.17,87,791
8386,News Reflect,210.06,396,940
8387,No Inside,156.3,496,243
8388,Head Among,142.64,440,836
8389,Around Than,308.93,90,365
8390,Party With,477.43,38,582
8391,Model After,196.24,462,170
8392,Speak Cell,238.02,444,634
8393,Recent These,225.62,424,653
8394,Five Involve,172.16,370,333
8395,Practice Name,453.12,5,993
8396,Son Employee,364.38,33,672
8397,Sit Fight,378.62,171,803
8398,Speech Rock,323.09,481,812
8399,Single Street,322.27,145,306
8400,Wait Painting,391.58,362,452
8401,White Quality,325.82,336,937
8402,Our Little,378.11,59,627
8403,Language Support,75.51,71,613
8404,Company Direction,23.54,152,931
8405,Fund Professional,232.4,330,753
8406,Talk Pick,127.24,22,196
8407,Real From,304.95,109,863
8408,Outside Page,483.08,372,613
8409,Moment Wear,85.94,72,73
8410,Stop Common,274.62,138,612
8411,Guy Great,47.26,111,95
8412,Debate Home,213.16,310,133
8413,Air Where,201.38,86,701
8414,Series Save,282.02,467,513
8415,Yard Practice,460.35,55,913
8416,Debate Fast,289.04,269,255
8417,Understand Value,137.91,367,531
8418,Foot Board,497.44,169,488
8419,Common Near,278.3,36,283
8420,On Management,482.39,481,488
8421,Magazine Difference,131.52,46,48
8422,Campaign Position,235.28,152,528
8423,Defense Add,238.59,28,254
8424,World There,91.16,492,199
8425,Under Main,174.58,311,878
8426,Event Career,376.97,318,849
8427,Management Range,429.3,500,855
8428,Prepare Series,233.15,144,577
8429,For Paper,472.69,101,102
8430,Party Write,235.16,149,596
8431,Store Fire,471.07,17,467
8432,Change Couple,133.5,85,110
8433,Young Different,209.55,405,835
8434,Fact Director,100.29,437,413
8435,Be Issue,399.06,353,873
8436,Election Against,387.64,21,870
8437,Special Commercial,113.58,498,245
8438,Art Hold,192.21,248,171
8439,Key Affect,285.99,260,250
8440,All Already,98.17,333,333
8441,Before Race,354.22,171,6
8442,Way Base,446.74,336,908
8443,At Stand,9.17,118,56
8444,Themselves Us,365.86,256,684
8445,Win Future,369.48,363,813
8446,These Interesting,365.41,190,609
8447,Street Rule,443.98,335,734
8448,Issue Likely,112.99,276,712
8449,Best My,235.75,404,248
8450,Later Entire,314.13,162,824
8451,Good Often,94.1,427,983
8452,Brother Have,236.11,301,457
8453,Value Hospital,267.01,386,508
8454,Nature You,133.01,148,211
8455,Several Recent,300.64,224,207
8456,Show Quickly,266.52,448,562
8457,Study Physical,135.91,101,516
8458,Include Simply,279.32,129,813
8459,Media Generation,169.63,293,873
8460,Strategy Provide,108.21,259,703
8461,Task However,321.31,413,209
8462,Finish Before,46.03,488,239
8463,Federal Education,189.25,428,430
8464,Service Score,324.59,285,591
8465,Left Authority,424.08,108,717
8466,East Argue,261.32,124,25
8467,Leg Water,386.83,154,720
8468,Lot Agency,176.28,324,365
8469,Attack Become,224.25,260,736
8470,Election Parent,261.1,198,686
8471,Production Smile,68.54,164,891
8472,Population Avoid,375.02,41,789
8473,There Form,89.8,85,579
8474,Hundred Create,290.94,440,954
8475,Institution Threat,373.99,299,876
8476,After Design,392.18,32,883
8477,Model A,48.29,56,578
8478,Property Financial,374.57,227,72
8479,Public West,231.82,123,834
8480,Main Take,187.48,182,481
8481,Home More,197.63,332,471
8482,Focus Even,119.12,359,763
8483,Prevent Trouble,84.36,14,722
8484,Fine Change,280.57,37,811
8485,Instead Reveal,457.91,262,887
8486,East Property,363.14,493,713
8487,Turn Decide,376.06,425,715
8488,Structure Staff,266.76,270,883
8489,Education Method,104.03,96,884
8490,Field If,371.55,151,32
8491,Red Popular,290.6,328,905
8492,He Federal,190.08,125,290
8493,Million Win,267.09,334,260
8494,Good Wide,120.77,155,843
8495,President Official,166.85,249,800
8496,Time Both,163.96,368,613
8497,Drug American,431.27,353,873
8498,Same Decide,494.08,197,243
8499,Society Mean,110.03,96,962
8500,Body Boy,6.69,102,796
8501,Meet Skill,114.29,155,760
8502,Over Language,84.01,344,563
8503,Wonder Measure,263.26,269,138
8504,Common Huge,50.45,352,936
8505,Source Off,197.63,161,939
8506,Security Oil,354.33,437,234
8507,Recent Argue,123.8,477,906
8508,Should Once,197.16,320,745
8509,Government Hope,345.75,308,918
8510,Off Amount,490.43,59,958
8511,Later Effect,385.87,24,864
8512,Final Phone,167.33,209,129
8513,Oil Institution,149.65,186,86
8514,Be Item,484.36,140,227
8515,And Bar,77.27,115,21
8516,Drug Military,42.77,391,937
8517,Behind Lead,401.85,94,42
8518,Summer Town,75.33,285,794
8519,Soon Voice,345.41,112,544
8520,People Piece,262.96,467,12
8521,Want Drug,421.96,499,67
8522,Plant Country,339.23,274,224
8523,Positive Identify,354.8,24,15
8524,Fund Happy,472.38,349,797
8525,Under Phone,278.07,406,905
8526,Security Mean,148.57,167,217
8527,Again Method,255.75,47,891
8528,Husband They,380.92,466,210
8529,Move Worry,300.29,129,394
8530,Chair Attention,118.98,269,542
8531,Full After,420.79,241,947
8532,Source Value,281.56,251,713
8533,Beat Discuss,189.12,232,766
8534,Picture Director,365.98,147,240
8535,Game Value,240.97,394,569
8536,Beautiful Age,207.09,26,926
8537,Draw Man,402.63,450,166
8538,Style Claim,478.63,346,969
8539,Sure Particularly,319.66,113,427
8540,Herself Exactly,281.38,242,576
8541,Behavior Write,318.92,83,58
8542,Point Few,136.47,418,24
8543,Measure Treat,421.14,424,660
8544,Share Already,494.15,281,257
8545,Customer Health,51.23,384,326
8546,Music Assume,121.87,206,467
8547,Bank Unit,99.97,427,642
8548,Professional Hair,296.92,303,183
8549,Focus Woman,403.14,5,649
8550,Not Partner,20.56,261,274
8551,Deep Open,84.65,451,432
8552,Only Him,408.17,240,88
8553,Health Charge,227.02,105,281
8554,Enjoy Meet,472.57,140,197
8555,Tree Husband,243.6,295,348
8556,Read Teacher,286.53,409,392
8557,Several Court,180.41,272,528
8558,Hot Actually,446.14,478,403
8559,And Month,93.57,379,711
8560,Establish Debate,42.81,164,363
8561,Design Area,432.89,492,173
8562,Wish Whom,76.79,161,265
8563,Per Too,214.31,247,649
8564,Us Indicate,34.61,306,392
8565,Upon Audience,455.12,422,469
8566,Design East,237.94,391,25
8567,Window It,477.61,5,725
8568,Know Argue,465.09,319,118
8569,Cup Response,186.22,418,253
8570,Explain Other,252.35,214,226
8571,To Hot,344.68,114,915
8572,Class Occur,271.47,192,284
8573,Culture Drop,116.88,2,355
8574,Beat These,335.74,431,18
8575,Too Loss,262.65,203,115
8576,Run I,105.1,349,65
8577,Economy Series,356.21,347,776
8578,Likely Whole,459.76,262,578
8579,Fish I,138.45,328,730
8580,See Word,307.21,269,916
8581,Class Teach,211.47,399,945
8582,Mind Response,182.98,61,665
8583,Sit Cause,60.68,115,148
8584,Now Test,213.73,422,31
8585,Skin Movie,327.81,475,585
8586,Prepare Never,347.22,342,271
8587,Question Guy,481.04,59,735
8588,You Attention,244.73,114,647
8589,Fill Paper,244.77,403,120
8590,Sing Door,80.46,189,710
8591,Send Man,468.9,490,346
8592,Seven Sell,90.18,104,938
8593,System Ahead,111.0,308,394
8594,Might Scene,471.79,412,953
8595,Hospital Traditional,289.4,397,329
8596,Rather Throughout,80.17,290,780
8597,Kid Response,287.2,434,912
8598,College Bad,440.57,47,131
8599,Player Sing,10.14,168,485
8600,Benefit Event,33.39,112,174
8601,Suddenly Third,485.74,198,393
8602,Simply Behavior,22.6,352,711
8603,Listen Article,304.21,388,173
8604,Participant Able,284.53,496,607
8605,Color Create,98.86,92,72
8606,Positive Collection,51.64,174,627
8607,Same Teacher,229.74,12,451
8608,Still Pretty,345.59,393,579
8609,Unit Especially,326.2,494,864
8610,Believe Decade,464.62,265,262
8611,Relationship Including,422.23,377,893
8612,Value Between,13.3,328,32
8613,Watch Forward,291.05,142,245
8614,Forward That,352.32,114,343
8615,Gun House,324.26,438,203
8616,Laugh Prevent,284.44,148,423
8617,Matter Accept,30.6,151,570
8618,Case Move,373.18,295,1
8619,War Office,397.1,132,968
8620,Political Everyone,26.05,28,533
8621,Board Kitchen,366.46,199,431
8622,Her Gas,258.66,276,509
8623,Hot Cost,487.89,98,420
8624,Skin Edge,457.76,120,590
8625,Include Response,186.23,256,345
8626,Crime Few,140.84,155,68
8627,Eight People,159.4,428,651
8628,Pressure Find,60.43,456,864
8629,Yard Perform,145.92,224,439
8630,Painting Many,309.68,281,498
8631,Soldier Nothing,307.45,201,957
8632,Increase Opportunity,458.43,460,604
8633,Machine To,183.84,105,986
8634,Will Early,216.36,322,502
8635,His Statement,288.52,9,817
8636,Threat Cup,121.65,456,632
8637,Family Car,446.48,170,686
8638,Thus Source,151.39,403,370
8639,Part Sound,381.99,216,916
8640,Scene Group,343.51,26,328
8641,Save Police,402.85,248,800
8642,Pick Short,249.92,284,292
8643,Late Art,134.3,456,277
8644,From Take,371.83,28,687
8645,Offer Left,351.57,335,936
8646,Beyond Describe,339.33,25,878
8647,Dog Happy,198.74,154,58
8648,Teach Statement,71.0,210,183
8649,Model Want,365.4,255,890
8650,Employee Physical,160.01,390,117
8651,Fire Task,113.98,455,856
8652,Drug Century,303.9,12,809
8653,Against Culture,363.27,324,810
8654,Most Evening,231.8,375,469
8655,Heavy Peace,189.3,298,552
8656,Top Part,245.26,424,849
8657,Down Interview,402.56,317,735
8658,Western His,301.88,386,599
8659,Article Glass,49.97,134,492
8660,Maybe Wife,219.97,190,270
8661,Work Health,298.11,199,587
8662,Firm Country,308.13,63,319
8663,Specific Executive,215.19,40,38
8664,Can May,176.81,270,909
8665,Drop Old,217.07,89,670
8666,Color Up,39.13,61,952
8667,Cold Course,480.62,217,968
8668,Congress Hotel,193.77,412,96
8669,Question City,396.15,182,802
8670,Continue Open,250.02,183,458
8671,Mr Require,347.96,249,661
8672,Pressure Range,371.28,481,950
8673,Thousand Stand,98.99,204,852
8674,Industry Last,162.94,89,450
8675,Effect Never,428.11,420,411
8676,Organization Relationship,30.9,269,755
8677,Read Meeting,495.98,28,521
8678,Direction What,314.49,43,330
8679,Piece Experience,285.05,156,997
8680,Visit Certainly,89.56,155,599
8681,Modern Move,425.83,432,751
8682,Wear Situation,336.47,314,633
8683,Talk Peace,78.86,201,24
8684,Subject Study,107.08,293,304
8685,Provide Where,118.72,167,296
8686,Financial Idea,408.82,387,900
8687,Debate Treatment,369.77,396,195
8688,Program Size,304.65,364,1000
8689,Think Stuff,473.94,129,308
8690,Along Edge,55.58,353,429
8691,Do Both,155.28,441,965
8692,Enjoy Foot,347.53,294,56
8693,Beautiful Continue,168.12,423,961
8694,General Would,316.19,459,542
8695,Person Star,455.14,245,273
8696,Manager Something,393.56,498,457
8697,Agent Bar,406.21,401,426
8698,Commercial History,466.83,404,365
8699,Move Employee,353.63,390,222
8700,Identify Rest,45.1,398,125
8701,Technology Piece,178.34,400,35
8702,Wonder Recent,413.73,35,878
8703,Number Where,431.46,19,320
8704,Product Will,495.63,484,104
8705,Education Glass,248.02,205,795
8706,Send Big,452.96,411,832
8707,Appear Should,231.02,438,343
8708,Nearly Beat,398.51,228,80
8709,Amount Key,191.09,93,855
8710,In Tough,288.65,318,862
8711,Politics Kind,311.25,445,274
8712,Decade Form,46.91,39,183
8713,Look Government,271.34,313,377
8714,Upon Expect,217.49,366,816
8715,Know Deal,113.83,296,427
8716,Impact Build,197.41,6,273
8717,Do Area,374.34,196,352
8718,Base Wish,475.69,73,256
8719,Partner Lot,147.4,133,353
8720,Me Suffer,225.25,294,856
8721,Including People,117.43,236,407
8722,Section Response,446.12,46,551
8723,Example Sort,66.04,372,148
8724,Indicate Current,241.94,451,883
8725,Red Relate,105.37,321,323
8726,Wish And,422.4,231,747
8727,General Us,249.61,178,124
8728,With Center,26.49,401,550
8729,Hot Seek,324.76,6,166
8730,Probably President,364.0,170,775
8731,Gas Apply,138.46,218,300
8732,Despite Risk,422.55,253,542
8733,There Professor,127.25,375,632
8734,Point Either,463.72,340,766
8735,Above Can,72.34,469,857
8736,Policy Election,466.51,43,964
8737,Help Research,353.46,117,703
8738,Body Lose,362.54,192,458
8739,Environment Must,442.47,302,795
8740,Lose Person,256.44,334,989
8741,Tv Those,410.82,323,977
8742,Probably Experience,32.25,215,664
8743,We Government,410.56,348,337
8744,A Respond,121.83,180,356
8745,More By,126.92,280,59
8746,Marriage Trip,344.3,318,227
8747,Quite Effort,467.73,498,770
8748,Treat Ready,297.26,463,698
8749,Society Woman,143.43,243,888
8750,Resource Cause,40.34,363,263
8751,Write Month,267.94,411,723
8752,Girl With,202.98,484,288
8753,Response Middle,412.69,119,493
8754,Threat Wish,88.17,191,483
8755,Tax Child,494.23,368,493
8756,Manage Rest,308.99,74,715
8757,Right Pick,161.12,212,841
8758,Form Those,396.82,246,261
8759,Strong More,82.05,433,305
8760,Provide Door,496.15,453,812
8761,Popular Order,402.22,346,193
8762,Front By,96.85,353,664
8763,None Policy,247.07,237,79
8764,Computer Along,141.45,223,261
8765,Quality Agree,272.98,436,879
8766,Guess Reason,55.63,157,308
8767,Good Policy,426.2,269,802
8768,Believe Necessary,286.14,80,397
8769,His Memory,401.83,68,364
8770,Fear Attention,303.06,443,14
8771,Blood Respond,254.57,13,900
8772,Quality Provide,340.56,295,513
8773,Begin Girl,223.38,266,481
8774,All Check,392.69,188,89
8775,Mother Drive,85.25,492,824
8776,Life Kind,351.62,192,657
8777,Kind Society,98.67,352,581
8778,Race Stand,259.24,43,995
8779,Citizen While,248.42,459,372
8780,Boy Before,202.25,287,588
8781,Again Property,167.42,21,933
8782,Piece These,227.9,197,33
8783,Election Huge,416.95,8,997
8784,Director Organization,365.92,102,370
8785,Become Which,91.65,458,798
8786,Knowledge Mention,129.5,148,571
8787,Manage My,354.33,267,351
8788,Under Consumer,308.13,36,453
8789,Recent Section,475.3,399,421
8790,Skin Important,404.14,229,812
8791,Wife Here,459.1,451,70
8792,Health Three,460.61,182,341
8793,Full Field,471.66,103,406
8794,Officer Form,167.28,226,124
8795,Start Through,146.67,57,692
8796,Much Pattern,402.57,403,754
8797,Question Play,276.84,271,272
8798,Leg Include,237.26,257,884
8799,Figure Task,487.18,343,263
8800,Stand Wish,176.12,11,800
8801,High The,77.44,488,798
8802,Fact Arm,30.89,217,230
8803,Of Agree,341.89,355,644
8804,Fire Him,86.37,338,150
8805,Sell After,57.57,304,767
8806,Either Stand,89.72,176,338
8807,Course Stage,126.31,446,771
8808,Administration Must,349.12,134,880
8809,Moment Thousand,364.85,25,396
8810,Machine Three,435.89,23,763
8811,Wide Realize,363.74,226,455
8812,State Magazine,414.05,412,647
8813,Include Five,191.54,330,629
8814,Remember Available,199.0,97,2
8815,Cold Leader,388.88,414,598
8816,There During,290.87,43,398
8817,Hold Range,113.59,72,864
8818,Wear Suggest,248.28,459,442
8819,Anything Remain,5.48,306,253
8820,Skin Son,109.35,367,694
8821,Develop Indeed,20.04,251,631
8822,Experience Company,170.61,490,12
8823,Peace Lose,101.76,345,680
8824,Not Film,317.1,182,543
8825,Charge Future,320.88,358,284
8826,Least Machine,422.25,152,735
8827,Require Husband,462.19,498,902
8828,Stuff Little,28.41,452,692
8829,Hope Like,87.21,414,759
8830,Set Certainly,479.57,260,536
8831,Write Simply,6.98,416,202
8832,Time Blood,117.13,427,341
8833,Remain Class,57.74,149,897
8834,Magazine Mean,221.96,469,317
8835,Trade And,473.39,209,507
8836,Across West,471.32,10,214
8837,Election Oil,407.42,351,97
8838,Listen End,490.24,434,273
8839,East Social,413.3,77,3
8840,Carry His,290.32,341,523
8841,Anything Only,67.71,188,437
8842,Hospital Stop,21.34,439,796
8843,Improve Participant,432.34,430,891
8844,Treat Of,280.56,137,199
8845,Pick Degree,271.96,341,289
8846,Stay Could,428.98,101,65
8847,Result Church,346.09,354,78
8848,Film Wide,317.88,256,488
8849,Stage Field,134.24,475,649
8850,Forward Bad,400.1,291,169
8851,Away Born,183.42,97,263
8852,Catch Participant,171.25,379,552
8853,Security Financial,134.2,302,259
8854,Fire Across,265.31,321,358
8855,Meet Ago,183.4,105,643
8856,Have Color,383.99,104,574
8857,Begin Lawyer,108.57,3,920
8858,Away Capital,287.39,120,912
8859,Start Policy,108.68,170,742
8860,First During,67.07,72,480
8861,Attack Per,203.32,236,990
8862,Truth Meeting,429.88,87,194
8863,Both Bill,467.19,45,286
8864,Laugh Wife,276.53,186,130
8865,South Commercial,84.81,460,988
8866,Eat Effort,478.39,145,341
8867,Course After,163.22,231,433
8868,Develop With,297.31,430,70
8869,Lawyer Rate,201.52,203,702
8870,Answer Hear,341.01,283,923
8871,Medical Letter,73.3,31,661
8872,Way Consider,351.49,24,466
8873,Could Trip,146.96,24,114
8874,Day Person,83.33,477,542
8875,Film Girl,398.92,496,960
8876,Give Couple,404.37,114,836
8877,Message Various,30.39,69,805
8878,Seat Add,95.26,91,367
8879,Again Report,19.44,409,922
8880,Collection Read,474.46,199,900
8881,Travel Writer,400.27,273,146
8882,Computer Tonight,355.77,20,506
8883,Article Along,245.47,202,14
8884,Figure Reflect,5.45,18,134
8885,Name Type,105.24,384,901
8886,Else Rock,219.91,207,375
8887,Ball Peace,467.01,211,700
8888,Risk Campaign,373.21,415,405
8889,Spring Us,347.32,493,625
8890,Must Rule,396.24,483,743
8891,Trouble Man,178.07,473,759
8892,Develop Oil,454.6,241,413
8893,Early Maintain,185.38,398,715
8894,Example Mean,122.49,10,311
8895,Fall Six,93.1,257,179
8896,Make Mean,234.51,388,551
8897,Against Same,74.73,108,862
8898,However Activity,235.66,462,662
8899,Over Whether,364.64,359,810
8900,Without Hundred,33.74,157,191
8901,Argue The,150.39,77,546
8902,Kind Treat,21.78,226,151
8903,Network South,148.25,347,830
8904,Organization Light,286.75,292,438
8905,Nature Market,238.04,75,659
8906,Executive Side,271.23,423,319
8907,Long Consider,319.35,441,853
8908,Wonder Information,24.7,356,523
8909,Medical War,176.58,64,670
8910,There Play,65.7,255,573
8911,Third Building,465.06,176,627
8912,Hot Dream,111.35,4,682
8913,Yeah Attack,161.54,459,207
8914,Beyond Tough,106.04,252,383
8915,Morning West,378.28,171,6
8916,Box Different,336.03,297,534
8917,Perform Military,309.09,173,636
8918,Book Meeting,94.85,187,835
8919,Performance It,207.21,75,100
8920,Radio Point,256.08,136,489
8921,Before Note,66.89,285,302
8922,Sense Another,424.9,475,720
8923,Age Teach,68.46,187,845
8924,House Leader,292.07,455,986
8925,House Recent,289.08,310,519
8926,Message Believe,296.66,453,860
8927,Line Drop,122.14,27,964
8928,Us Represent,117.17,227,75
8929,Magazine Compare,274.67,337,317
8930,Make Through,488.24,298,251
8931,Pretty Night,279.04,97,245
8932,Option Staff,158.95,331,955
8933,Cut Six,131.26,52,738
8934,Attack Street,306.5,272,495
8935,Even Even,145.63,477,745
8936,Consumer Possible,258.4,153,16
8937,Color Day,121.24,482,599
8938,Begin Sort,473.25,298,632
8939,Each Court,263.8,170,881
8940,Else Significant,293.61,299,393
8941,Cost Difference,163.58,475,710
8942,Close Official,453.12,77,925
8943,Lawyer Can,106.91,397,452
8944,Onto Beyond,219.64,202,355
8945,Save Evening,450.33,335,973
8946,Education Claim,400.1,401,943
8947,Possible Car,26.51,464,478
8948,Fish Board,267.95,32,77
8949,Movement Certain,411.92,190,812
8950,Treat Present,450.3,176,398
8951,Program Someone,14.57,56,211
8952,Memory Off,54.88,202,785
8953,North Without,154.42,140,593
8954,Discover Large,106.65,219,480
8955,Choose Clear,458.61,239,944
8956,Catch Responsibility,78.03,341,581
8957,Nice Few,76.06,494,730
8958,Event Also,312.06,153,698
8959,Power Table,454.82,455,797
8960,Property Yeah,224.04,155,962
8961,Method Policy,10.62,476,685
8962,At Western,100.94,252,734
8963,Cause Thought,298.54,438,294
8964,Level Him,93.72,261,77
8965,That Across,377.61,397,317
8966,Make Challenge,143.85,277,360
8967,Offer Series,77.03,456,22
8968,Different Explain,191.4,456,509
8969,Begin Community,499.16,431,803
8970,Decade At,392.22,436,405
8971,Court Account,387.19,201,163
8972,Everyone Arrive,465.76,83,334
8973,Player Also,346.55,263,414
8974,Beat Buy,383.36,289,744
8975,Become Reach,152.66,434,185
8976,About Hit,264.34,295,354
8977,Manage Cover,248.12,453,121
8978,Meeting Would,64.05,489,956
8979,Shoulder Move,380.74,213,480
8980,Someone By,279.21,411,747
8981,Some Memory,334.58,244,910
8982,Civil Chair,272.85,486,138
8983,Idea His,191.39,112,93
8984,Nearly Quickly,242.11,382,743
8985,No Break,176.2,398,393
8986,Prove Customer,346.38,32,175
8987,Moment Commercial,211.34,245,121
8988,Recognize Level,474.0,254,329
8989,Process Power,375.78,86,334
8990,Loss Enjoy,129.64,128,185
8991,Defense Go,423.01,253,471
8992,Development Old,265.38,99,970
8993,Course Popular,447.33,176,855
8994,Reality Staff,461.43,446,854
8995,Brother Body,375.57,315,927
8996,Any Arrive,224.28,418,850
8997,White Anyone,146.77,148,245
8998,Common Long,225.69,446,256
8999,Thing Charge,89.87,176,183
9000,Other Herself,269.48,19,748
9001,Standard Bit,330.54,184,706
9002,Many Up,482.56,298,443
9003,Simply Movement,274.01,373,268
9004,Husband Worry,132.73,285,281
9005,Middle Prevent,407.76,347,704
9006,Although It,433.05,36,195
9007,Speech Perform,400.62,383,95
9008,Bit Find,173.97,356,590
9009,Politics Role,486.88,259,449
9010,Down Relationship,456.68,85,336
9011,Know Let,84.62,308,359
9012,Discussion Water,296.85,111,95
9013,Event Star,164.81,188,822
9014,Offer Stage,411.96,408,824
9015,Home Skin,364.89,242,734
9016,Ball Away,175.33,196,30
9017,Military Certainly,224.47,179,570
9018,Before Factor,376.8,117,674
9019,Administration Admit,271.19,97,107
9020,Far Piece,114.09,4,400
9021,Main Situation,23.36,80,753
9022,Site Central,416.14,354,797
9023,Child Bar,197.96,67,708
9024,Alone East,268.55,435,778
9025,Television Clearly,255.41,158,441
9026,Live Audience,23.86,229,950
9027,Base Pay,252.16,104,710
9028,Different Action,79.85,109,909
9029,Real Single,326.0,438,98
9030,Understand Seven,341.99,389,175
9031,Home Especially,58.11,64,28
9032,Law Campaign,475.36,459,162
9033,Left Despite,321.03,28,781
9034,Then Piece,297.58,235,342
9035,Bit Reason,116.15,26,959
9036,Adult Computer,360.84,282,189
9037,Debate Quality,332.12,29,91
9038,Purpose Majority,45.14,237,378
9039,Involve State,423.03,386,634
9040,Yeah Development,383.54,435,552
9041,Know Hotel,169.85,57,384
9042,War Class,245.53,106,142
9043,Kind Mother,345.32,192,989
9044,Tend Little,191.59,436,724
9045,Magazine Push,499.77,82,637
9046,Century Than,282.06,467,610
9047,Maintain Despite,341.37,498,102
9048,Information Whose,404.48,374,170
9049,Risk Might,194.58,444,935
9050,Trial Either,315.24,470,763
9051,Cover Wide,187.43,1,611
9052,Drug Off,25.57,52,992
9053,Politics Determine,407.92,467,172
9054,These While,362.66,494,438
9055,Capital Yourself,261.67,398,193
9056,Bit Scientist,406.61,434,621
9057,Mind Free,120.08,296,475
9058,One Discussion,256.08,228,383
9059,Finish Thus,451.54,236,700
9060,Several Difference,89.58,417,86
9061,Already History,372.09,307,837
9062,Dark Industry,460.2,179,150
9063,Reflect Close,186.6,199,895
9064,Bar Major,474.91,12,502
9065,Else Community,222.52,498,118
9066,Allow Garden,133.7,477,211
9067,Voice Middle,496.78,265,733
9068,Guy Hard,173.39,131,519
9069,Congress Include,442.26,233,68
9070,Decade Then,214.78,220,724
9071,Involve Rise,289.28,184,706
9072,Might Now,197.79,384,244
9073,He Foreign,427.49,431,751
9074,Value Inside,254.37,497,109
9075,Chance Into,210.26,219,39
9076,Top College,464.55,33,948
9077,Kitchen Yeah,175.81,247,760
9078,Stuff Movie,279.37,173,380
9079,While Point,392.52,340,177
9080,Although Put,385.38,90,197
9081,My Need,381.03,236,438
9082,Fund Material,218.39,350,467
9083,Color Down,466.92,208,818
9084,Into Common,145.67,240,660
9085,Line Stop,133.91,1,992
9086,Eye Give,17.45,34,144
9087,Discussion Rule,263.46,35,567
9088,Public Different,335.81,492,629
9089,Foot Wonder,217.43,100,284
9090,Respond Large,329.41,157,781
9091,Word Shoulder,157.0,289,893
9092,Pay But,67.98,92,820
9093,Total Yourself,19.05,233,733
9094,Next Pay,213.43,327,516
9095,Right Certainly,400.56,217,204
9096,Pattern Husband,49.31,35,446
9097,Level Western,400.21,224,467
9098,Remember Direction,193.79,214,394
9099,Program Study,403.03,262,936
9100,Friend Role,370.08,277,997
9101,Some Cause,342.35,163,358
9102,Across Painting,59.19,459,548
9103,Exactly Population,14.32,73,958
9104,Computer No,264.18,472,656
9105,Young Five,346.87,254,193
9106,Management Worry,203.96,446,62
9107,Simply And,82.86,437,23
9108,Today Form,251.91,279,660
9109,Other Somebody,363.93,8,569
9110,City Magazine,25.06,321,7
9111,Ahead Force,15.5,120,616
9112,Himself Eight,310.27,286,707
9113,Politics We,384.88,417,337
9114,Manager Air,379.17,99,13
9115,Natural Forward,327.17,471,81
9116,Front Appear,26.02,308,301
9117,Bank Senior,487.25,404,63
9118,Everyone Share,244.81,195,791
9119,System Nature,334.62,21,921
9120,Billion Leader,45.29,158,554
9121,Time Keep,451.55,146,458
9122,Wait Such,298.75,412,172
9123,Yet Face,165.24,65,75
9124,Every Major,486.7,199,935
9125,East Others,371.68,45,209
9126,Range Drive,360.21,95,954
9127,Bad Paper,23.58,337,293
9128,Fire Trouble,416.19,79,770
9129,Conference Truth,333.29,358,145
9130,Least Population,140.67,172,953
9131,Fast Window,80.1,192,282
9132,Something Issue,96.26,328,376
9133,Political Letter,125.7,33,524
9134,Site Skill,281.43,221,931
9135,Attorney Add,236.95,55,350
9136,Road Chance,483.48,74,359
9137,Report Enough,370.07,409,955
9138,Try Wait,433.1,315,176
9139,Personal Social,469.01,471,831
9140,Morning Somebody,12.87,409,747
9141,Network Affect,141.64,279,564
9142,Each Well,52.85,147,95
9143,Month Author,55.98,128,428
9144,Speech Score,307.98,3,515
9145,Answer Society,452.55,75,219
9146,Health Break,359.5,341,424
9147,Effect Very,237.18,345,845
9148,Model Senior,67.31,493,867
9149,Inside High,5.28,68,470
9150,Indicate Now,44.86,360,837
9151,Same Trial,220.25,64,656
9152,Chance Against,135.55,411,488
9153,Note Available,471.63,367,514
9154,Interest Upon,156.64,223,965
9155,Task Hundred,455.54,153,137
9156,Data Eye,18.79,388,725
9157,Feeling Security,433.12,239,330
9158,Service According,26.21,212,963
9159,Example Pay,165.61,387,91
9160,Think Involve,334.84,96,81
9161,Rule Development,320.01,24,320
9162,Rest Marriage,148.51,103,854
9163,None Part,214.03,463,441
9164,Base Level,465.46,140,205
9165,Impact Or,485.61,338,150
9166,Protect Close,261.13,358,598
9167,Act Term,62.74,334,250
9168,Try Interesting,256.06,108,981
9169,Detail Whether,282.83,85,496
9170,Together Believe,11.16,431,626
9171,But Perform,104.43,283,4
9172,Officer Late,417.58,405,187
9173,Compare President,28.64,287,157
9174,Remember Who,240.5,440,420
9175,Man Production,352.98,477,962
9176,Care Also,174.06,257,150
9177,Recent Expect,229.1,168,645
9178,Material Whose,401.31,259,382
9179,Region How,314.51,77,25
9180,Seven Suddenly,159.44,192,866
9181,Need Weight,495.44,114,258
9182,Price Sure,174.88,364,941
9183,Deal Very,203.65,489,519
9184,To Stage,462.44,19,63
9185,Truth Ready,192.34,273,55
9186,Eat Policy,112.42,340,894
9187,Around New,264.53,294,400
9188,Amount Call,226.19,471,385
9189,Thought Various,77.24,274,572
9190,Look Source,152.16,372,20
9191,Husband Political,251.85,267,261
9192,To In,329.56,355,42
9193,Relationship Rate,467.61,434,62
9194,Fund Across,394.65,382,721
9195,Fight Difficult,176.93,133,582
9196,Doctor Section,19.68,385,305
9197,Degree Travel,357.98,82,598
9198,One Determine,248.64,137,318
9199,Off Coach,47.99,425,496
9200,Model Model,148.89,44,69
9201,Nation Mother,375.88,161,498
9202,Might Business,45.7,350,143
9203,Reach Director,18.28,406,541
9204,East Can,20.25,262,427
9205,Student Be,380.49,164,940
9206,Walk Their,284.77,131,378
9207,Choice Story,466.2,133,909
9208,Religious Rich,39.37,102,990
9209,Animal Although,475.25,354,439
9210,Stuff Two,488.62,132,536
9211,Process Impact,182.54,352,115
9212,Large Late,395.1,485,861
9213,Democratic Compare,487.91,147,517
9214,Choice How,247.87,176,251
9215,Peace Choice,26.45,66,324
9216,Life Old,310.73,381,548
9217,Never And,166.32,134,840
9218,First Analysis,357.8,414,445
9219,Of Simple,10.13,90,832
9220,Factor Red,433.91,34,227
9221,It Short,303.94,96,209
9222,Position Moment,421.2,242,97
9223,Court Have,129.55,369,997
9224,Choose Meet,80.91,359,919
9225,Idea Which,493.75,186,934
9226,Bank Site,36.84,39,320
9227,Foot Former,49.95,402,414
9228,Partner Event,352.24,290,630
9229,Or Food,12.4,37,295
9230,Price Show,442.32,66,952
9231,Between Probably,61.22,57,791
9232,Network Material,495.38,13,348
9233,Mean Station,37.11,89,917
9234,Sometimes Explain,256.17,425,165
9235,Decision Writer,17.88,223,329
9236,Form Business,381.76,79,953
9237,Rich Attorney,266.77,279,432
9238,Who Light,411.99,155,33
9239,Popular Increase,470.43,56,280
9240,Gas Despite,227.26,62,521
9241,Partner Rather,403.86,262,633
9242,Finish Change,191.55,325,993
9243,Environmental First,87.77,125,311
9244,Develop Pretty,466.94,424,122
9245,Matter Member,8.22,210,133
9246,Attack But,228.53,116,160
9247,Same Guy,137.7,213,777
9248,Idea Fish,391.91,132,746
9249,Very Avoid,410.6,420,569
9250,State Foreign,435.64,476,103
9251,Cause Wall,164.03,126,326
9252,Career Contain,169.83,316,261
9253,Short Hope,90.62,220,894
9254,Before Make,208.65,96,638
9255,Product Party,321.15,391,509
9256,Speech Data,77.02,300,607
9257,Face One,356.25,132,104
9258,Several Very,437.48,300,16
9259,At Control,416.21,26,499
9260,Again Section,393.4,58,363
9261,Gas Mother,338.82,275,476
9262,Wear Guess,190.52,481,449
9263,Place Serve,34.72,225,871
9264,Increase Image,12.78,321,186
9265,Hard Also,33.44,197,796
9266,Store Report,258.39,209,998
9267,Peace Born,390.58,222,600
9268,Need Quality,117.51,169,35
9269,When Lawyer,475.87,270,161
9270,For Skill,389.79,137,122
9271,Describe Inside,364.78,44,482
9272,Book Right,242.43,157,318
9273,Oil Television,61.7,15,639
9274,Little Cultural,257.64,184,671
9275,Foot Growth,472.01,79,480
9276,Challenge True,378.89,176,74
9277,Conference Lose,386.25,129,990
9278,Building Job,290.65,29,197
9279,Environment Group,205.89,189,176
9280,Sell Big,443.24,309,381
9281,Born Him,35.24,202,341
9282,Memory Customer,87.49,92,293
9283,Foot Leg,15.72,118,426
9284,Begin Congress,32.85,446,687
9285,Often Actually,272.85,48,649
9286,Mrs Camera,62.95,298,979
9287,Beyond Every,351.05,100,40
9288,Bit Lay,129.92,351,320
9289,Operation Sometimes,224.92,39,733
9290,Help Teacher,389.16,66,884
9291,Teacher Provide,65.51,404,726
9292,Sit Increase,286.71,340,503
9293,South History,9.37,182,719
9294,Form Send,196.28,384,245
9295,Card Job,233.91,309,135
9296,Employee Yet,86.4,352,976
9297,Fill Perform,39.18,397,552
9298,Kind Small,239.2,101,106
9299,Follow Find,372.55,372,644
9300,Early Reveal,398.36,314,995
9301,Number Agree,323.66,298,147
9302,Camera Around,58.07,349,133
9303,Third Offer,274.82,389,536
9304,Seat Head,417.39,160,823
9305,None Herself,6.19,15,692
9306,The Hour,215.9,102,65
9307,Visit Lead,260.28,402,783
9308,Few Available,39.32,316,346
9309,Sign Conference,324.44,37,772
9310,Ten Approach,171.78,459,386
9311,Professor Shake,157.16,331,961
9312,Drug Radio,192.22,436,805
9313,Build Enjoy,301.41,12,474
9314,Either Key,77.95,442,179
9315,Would Rest,308.48,11,562
9316,Girl Film,430.1,287,469
9317,Glass Study,239.26,477,153
9318,Surface View,357.02,188,440
9319,Control According,283.87,350,799
9320,Edge Style,66.12,172,132
9321,Myself War,35.28,498,657
9322,Determine Bed,218.11,327,158
9323,Hundred Use,44.17,329,340
9324,Value Blood,435.29,251,53
9325,Police Of,48.87,324,298
9326,Seat Reveal,405.94,351,928
9327,Account Firm,99.15,180,109
9328,Voice Individual,94.63,199,613
9329,After As,127.9,118,642
9330,Approach Piece,374.22,490,768
9331,Glass Four,103.88,436,55
9332,Glass Pay,126.89,146,471
9333,Professional Difference,387.96,228,608
9334,See Hotel,433.88,51,859
9335,Figure Very,140.39,433,154
9336,Dog Public,453.38,319,259
9337,Best Night,55.2,260,839
9338,Without Wrong,369.98,192,948
9339,Bank Skill,120.07,179,964
9340,Adult Remember,481.54,101,689
9341,Trouble Reveal,329.93,336,488
9342,Everybody General,436.15,433,872
9343,Total Region,34.99,315,355
9344,Thank Room,124.86,227,193
9345,Campaign Country,310.29,476,791
9346,Care Yard,139.4,76,824
9347,Professional Event,73.69,29,679
9348,Draw Increase,106.42,20,134
9349,Scientist But,253.79,496,927
9350,Wind Modern,368.66,116,890
9351,Reach Adult,248.23,122,897
9352,Billion Majority,32.15,177,853
9353,Him Box,435.02,301,846
9354,Describe Under,325.02,184,574
9355,Response Performance,293.45,53,233
9356,Resource Investment,395.53,402,351
9357,Usually Civil,40.61,303,639
9358,Score That,301.14,279,913
9359,Hard Marriage,498.4,45,828
9360,Pattern Send,56.37,212,493
9361,Understand Free,96.19,151,268
9362,Early Tonight,479.59,136,713
9363,Player Audience,437.2,386,42
9364,Tell School,12.99,239,207
9365,Discussion Check,328.23,458,945
9366,Interesting Perform,221.47,300,900
9367,Risk Mission,55.8,123,217
9368,Dream Less,50.79,249,493
9369,You Responsibility,433.4,191,733
9370,Him Country,14.19,266,424
9371,Quite Worker,413.23,117,572
9372,Politics Their,276.0,347,796
9373,Return Story,148.09,139,160
9374,Development Discuss,103.75,366,289
9375,Church Behavior,434.65,409,182
9376,Cost Play,479.45,478,803
9377,Democrat Five,237.9,115,359
9378,Model Set,260.22,39,902
9379,Kitchen Person,245.51,233,10
9380,Level West,381.6,196,132
9381,Detail Night,329.31,312,625
9382,College Brother,372.24,121,523
9383,Interview Apply,12.59,299,61
9384,Green Cultural,466.02,329,764
9385,Early Deal,397.68,45,957
9386,Series Coach,123.76,245,298
9387,Year Interview,352.69,232,620
9388,Ever Wish,453.41,380,654
9389,Debate Until,259.84,285,591
9390,Environmental Course,416.43,499,651
9391,Seat Research,101.78,485,529
9392,Increase Goal,362.16,417,95
9393,Enjoy Authority,333.06,98,995
9394,Tell Group,474.05,63,731
9395,Use Outside,370.8,87,999
9396,Measure Few,498.43,313,323
9397,Ever Can,318.1,198,801
9398,Which Analysis,345.59,77,31
9399,Wife Himself,445.38,113,214
9400,Clear Land,67.09,355,93
9401,Tree Picture,107.99,283,121
9402,Law First,474.92,283,89
9403,Rock Could,414.67,157,117
9404,Establish Mr,304.79,204,239
9405,Meeting Inside,241.97,448,271
9406,Prevent Food,342.28,25,55
9407,Seven He,173.2,272,168
9408,Always Media,327.59,435,119
9409,Billion World,10.9,197,22
9410,For Send,447.81,388,949
9411,Across Level,154.19,141,603
9412,Project Past,25.8,434,518
9413,Concern Common,18.17,236,115
9414,Wrong Maybe,252.18,89,811
9415,Research Share,160.5,114,468
9416,Natural Doctor,65.46,402,623
9417,Seven Character,37.26,222,998
9418,Its Bar,119.17,431,28
9419,Bit Offer,297.45,173,633
9420,Decade International,140.75,172,535
9421,Safe Investment,405.51,88,406
9422,Want Garden,66.46,104,936
9423,Help Ask,247.3,440,85
9424,Mouth Degree,126.38,316,521
9425,Middle Mention,373.49,285,838
9426,Parent Behavior,433.01,188,485
9427,Or Act,416.4,340,922
9428,Present Manager,222.61,329,16
9429,Plant Ago,5.34,235,813
9430,Behind Easy,497.52,412,472
9431,Claim Deep,280.64,346,105
9432,Help Line,232.8,128,432
9433,Quickly Land,280.48,418,787
9434,Military Stock,230.35,340,413
9435,Similar Before,228.63,253,463
9436,Per Debate,489.04,492,852
9437,Management Statement,250.09,136,25
9438,Budget Risk,172.79,262,296
9439,Black Sing,173.7,385,167
9440,Region Politics,170.37,402,219
9441,Staff Ask,493.42,113,790
9442,Myself Prevent,204.18,200,137
9443,Could American,41.76,430,968
9444,Each Its,348.77,185,6
9445,Show Condition,423.25,124,242
9446,Financial Miss,114.64,405,320
9447,Black Create,330.91,125,399
9448,Bit Nature,102.59,45,388
9449,Commercial Type,47.96,181,938
9450,Force Left,14.79,125,143
9451,Color Party,226.86,43,686
9452,Road Add,457.27,63,308
9453,Tree Cup,124.74,30,5
9454,Expect Choose,459.31,481,81
9455,Represent Make,458.94,192,765
9456,Decision Long,294.25,424,403
9457,Year Pattern,454.01,369,718
9458,Book To,413.02,289,880
9459,Plant Card,31.3,314,350
9460,Eye Leader,193.68,128,349
9461,South Brother,18.11,292,670
9462,Agreement Resource,420.08,444,922
9463,Another Many,176.15,434,813
9464,Decision Certain,403.02,248,911
9465,Them Man,417.16,178,617
9466,Ago Politics,146.42,122,25
9467,Audience Them,72.14,232,769
9468,Response May,285.2,311,123
9469,Task Step,37.69,217,519
9470,Month Tv,486.57,269,286
9471,Myself Son,212.79,276,460
9472,Thing Peace,431.35,433,516
9473,Drive Affect,128.82,481,274
9474,Pay Close,294.19,470,765
9475,Simple New,389.62,240,115
9476,Street Generation,192.85,60,101
9477,Mean Moment,479.21,230,820
9478,Decision Think,72.56,26,775
9479,Trade Receive,54.93,317,522
9480,Relationship High,138.08,146,344
9481,Perform Change,451.46,475,723
9482,Huge Them,119.17,331,401
9483,Woman System,191.39,421,9
9484,Front Town,464.85,398,410
9485,Begin Play,241.65,101,669
9486,On Oil,188.2,494,781
9487,Risk Into,305.69,429,237
9488,Fill Treat,77.47,230,637
9489,Make Easy,105.08,188,853
9490,Care Officer,453.25,18,264
9491,Away Hotel,110.51,305,783
9492,Seven Foot,77.75,12,462
9493,Education Left,333.67,468,686
9494,Significant Owner,321.92,216,438
9495,Result Yourself,337.06,479,342
9496,Major Walk,100.11,468,749
9497,State Prepare,376.04,98,113
9498,Whom Six,307.55,66,215
9499,Common If,145.38,50,869
9500,Degree Five,373.1,203,402
9501,Worry Discussion,145.2,487,19
9502,Worry Candidate,56.62,71,30
9503,Environmental Effort,126.12,348,654
9504,Enjoy No,259.8,75,28
9505,Director Hard,113.33,366,474
9506,Discover Mission,212.7,446,775
9507,She Case,278.38,25,437
9508,Behind Television,166.16,465,70
9509,Read Soldier,67.62,107,686
9510,Party Church,354.15,198,97
9511,Class Chair,59.67,441,911
9512,Voice Meeting,46.92,377,807
9513,Well Activity,165.49,279,276
9514,Almost Night,155.79,428,151
9515,Cold Against,483.15,14,103
9516,Account Get,33.9,457,700
9517,Entire But,86.73,10,529
9518,Food Matter,79.51,423,38
9519,Represent Owner,450.44,313,73
9520,Alone Day,454.34,177,966
9521,Say Call,316.44,72,577
9522,Green Hair,341.81,118,530
9523,See Half,118.65,316,313
9524,Play Itself,269.88,385,239
9525,Relate Spend,345.33,498,580
9526,Note Risk,489.23,101,436
9527,More Article,46.74,297,966
9528,Wish Feel,249.87,283,573
9529,Shoulder Or,296.82,124,716
9530,Will Stage,216.18,274,241
9531,Them Star,367.58,71,212
9532,Describe Various,299.98,337,229
9533,Such Indeed,259.37,498,239
9534,Hour Bank,139.67,325,685
9535,Key Question,461.02,144,438
9536,Heavy Turn,288.17,16,402
9537,Quickly First,85.44,95,627
9538,Law Process,251.45,250,250
9539,Foot Town,355.33,429,69
9540,House Rate,422.71,350,1
9541,Oil Hit,123.86,234,358
9542,Above Agreement,68.81,431,156
9543,Within Song,393.9,135,507
9544,Despite Quite,301.94,195,860
9545,Board Member,494.65,483,384
9546,Lawyer Defense,74.27,266,622
9547,Thank Fight,239.7,260,730
9548,Focus Point,311.73,135,444
9549,Investment Whether,490.01,121,692
9550,Five Billion,52.57,112,284
9551,Out Remain,109.56,246,985
9552,Take Dream,403.52,101,772
9553,Note Guy,408.77,14,900
9554,Thus Image,191.28,55,213
9555,Stand Light,75.99,28,539
9556,Across Rate,291.21,356,478
9557,Crime Whose,266.87,196,861
9558,Able Fast,102.76,123,260
9559,Return State,230.96,200,492
9560,Raise Culture,54.51,49,592
9561,Sign Voice,46.47,244,208
9562,Idea While,481.08,308,256
9563,Sometimes Mention,5.56,397,668
9564,List Whose,250.05,319,895
9565,Speak Out,369.78,336,381
9566,Collection Century,223.92,397,124
9567,Yes North,135.86,98,88
9568,Particularly Specific,191.83,152,934
9569,Nor Summer,71.36,172,748
9570,Arm Agent,422.5,97,460
9571,Special Long,272.96,212,142
9572,Miss Road,255.37,340,993
9573,Enter Issue,84.31,306,53
9574,Suggest And,315.42,354,413
9575,Debate Situation,369.9,304,546
9576,Somebody Data,150.29,131,274
9577,Among Your,215.43,496,703
9578,Together Level,141.33,195,63
9579,Member Say,24.66,96,462
9580,Rather Purpose,433.99,55,841
9581,Tough Quality,134.02,240,80
9582,Local Recent,425.87,53,43
9583,Mr Fund,221.89,7,684
9584,Yet Face,267.24,20,245
9585,Another Great,234.72,341,361
9586,Wear Down,484.82,12,54
9587,Agency Important,299.72,236,177
9588,Country Provide,223.3,417,244
9589,Food Page,412.36,228,708
9590,Than Science,131.64,177,32
9591,Within Theory,156.68,108,33
9592,Support Sea,192.8,368,442
9593,Crime Eat,75.87,335,80
9594,Pretty Would,354.88,281,204
9595,Rather Represent,200.41,250,602
9596,Measure Vote,328.76,317,102
9597,Similar Building,229.8,292,49
9598,Claim Apply,76.0,84,60
9599,Party Economy,479.24,272,456
9600,Push Management,422.29,438,217
9601,Send Job,427.91,204,851
9602,Painting Act,171.54,418,950
9603,Foreign Grow,266.8,300,55
9604,Federal Produce,374.86,243,28
9605,Author Matter,405.82,153,595
9606,Government Her,496.93,272,545
9607,Before Century,326.8,298,788
9608,Trade Should,312.89,170,818
9609,Foot Discuss,31.03,31,716
9610,Past Various,209.98,428,71
9611,Skin Perhaps,397.49,91,664
9612,Ball Beat,336.52,382,58
9613,Him Certain,399.35,214,611
9614,Quickly Country,432.25,470,649
9615,Behind Perhaps,66.78,443,52
9616,Now Cost,440.54,344,418
9617,Cause Decade,379.07,416,585
9618,Growth Marriage,26.25,109,133
9619,Son Decision,320.57,403,615
9620,Prove Responsibility,335.73,7,451
9621,Month Whatever,469.97,260,10
9622,Hold Level,214.72,125,29
9623,Where Product,357.09,85,935
9624,Thought Leave,283.71,272,214
9625,Technology Heart,141.64,371,636
9626,Measure Matter,491.43,57,980
9627,Friend Training,265.05,20,72
9628,Contain Ball,83.05,324,671
9629,Defense Cover,362.73,34,987
9630,Hour Change,194.69,156,698
9631,All Plant,468.56,312,745
9632,Natural What,142.39,426,256
9633,Past Executive,292.81,434,863
9634,Too Itself,50.19,52,242
9635,We Live,364.8,107,79
9636,Reality Dinner,132.23,240,518
9637,Since Woman,306.81,203,418
9638,Against Big,164.01,313,213
9639,Water Wall,297.69,195,882
9640,Especially Look,143.28,219,211
9641,Indicate Movement,230.08,429,886
9642,Major Its,104.64,265,876
9643,Son But,171.26,36,510
9644,Campaign Race,348.03,397,57
9645,While Individual,265.02,369,413
9646,Bed Fly,239.54,421,129
9647,Among Event,60.84,413,189
9648,Fill Various,441.05,133,176
9649,Per Plan,142.07,64,767
9650,Table College,264.46,429,780
9651,Bit Able,379.67,158,370
9652,Employee Majority,262.89,425,868
9653,Prepare Mind,266.21,346,667
9654,Seem Two,229.59,369,914
9655,Growth Old,347.13,225,942
9656,World Term,205.16,500,444
9657,Thing Property,402.25,397,447
9658,Order Gas,246.28,455,902
9659,Us Military,335.09,163,320
9660,Such Detail,470.11,243,988
9661,Technology Manager,426.86,122,940
9662,Stuff Explain,44.15,496,229
9663,Computer Point,179.87,151,393
9664,Speak Easy,408.51,264,1000
9665,Evening Wrong,63.05,46,507
9666,Pressure Decide,319.29,386,911
9667,Home Central,222.54,431,277
9668,Physical Bring,183.56,222,38
9669,Purpose Perhaps,423.09,62,882
9670,Even Second,133.26,181,385
9671,Some Leg,286.71,433,778
9672,Care Pretty,248.27,430,859
9673,Collection Nice,280.42,72,454
9674,Environment Yeah,424.73,164,318
9675,Shoulder Nice,231.26,316,28
9676,Person Citizen,278.63,15,38
9677,Read Sort,326.09,487,989
9678,Per Last,446.73,204,501
9679,Social Project,64.52,494,318
9680,System Heavy,442.66,294,194
9681,Ten Maintain,117.52,176,797
9682,Key Fear,125.85,197,769
9683,Involve Type,225.94,175,796
9684,Deal Minute,319.73,365,423
9685,International Chair,222.09,163,52
9686,Quality Director,481.81,79,228
9687,Meet What,390.65,167,330
9688,Newspaper Possible,379.05,381,402
9689,Page Order,270.73,276,590
9690,Resource Western,52.14,264,980
9691,Front Still,400.17,106,973
9692,Only Some,103.17,293,628
9693,Serve Relationship,54.65,393,300
9694,Her However,407.13,405,841
9695,Certain Beat,387.25,357,671
9696,Find Chance,61.28,176,20
9697,Behind Minute,431.52,147,204
9698,Outside Example,292.72,227,201
9699,Through Spring,294.07,154,467
9700,Security Throw,157.11,311,736
9701,Painting Across,66.47,293,524
9702,Everything Wonder,98.57,440,901
9703,Place Arm,490.54,334,423
9704,Claim Student,195.62,208,89
9705,Attorney Thousand,119.57,450,772
9706,Occur Others,465.64,371,696
9707,Me Writer,301.93,436,127
9708,Traditional Listen,318.71,170,680
9709,Wear According,272.07,344,367
9710,Then Keep,338.9,428,358
9711,Station Deep,107.88,493,125
9712,Professional Store,201.06,277,631
9713,Draw Board,122.2,161,406
9714,You Specific,238.1,79,35
9715,This Sister,216.02,458,107
9716,Member Kind,180.65,222,272
9717,Exist Theory,368.78,400,51
9718,I Break,398.15,372,637
9719,Begin Prevent,165.4,343,899
9720,Upon Along,412.03,90,361
9721,Tend You,183.14,37,776
9722,Explain Bit,433.27,367,378
9723,Professional Specific,244.19,295,523
9724,Major Answer,62.21,175,163
9725,Word Whether,54.34,136,870
9726,Of Grow,177.0,16,894
9727,Impact Know,314.02,364,253
9728,Paper Born,31.95,206,728
9729,Ready Could,256.17,456,697
9730,North College,344.92,356,464
9731,Sometimes Woman,60.61,138,712
9732,Value Bill,107.72,240,520
9733,Growth Fact,369.96,194,422
9734,Pass Account,53.64,306,811
9735,Population Often,484.68,421,661
9736,Whom Bit,37.94,402,737
9737,Position Next,451.11,488,974
9738,Admit Candidate,352.59,67,179
9739,Gun Behavior,297.04,217,290
9740,Loss Computer,10.65,439,802
9741,Anything Degree,447.71,452,730
9742,Structure Much,124.49,240,327
9743,Them His,204.83,206,335
9744,Become Successful,276.14,132,136
9745,Have Network,302.41,135,974
9746,Property Reason,300.07,212,906
9747,Guess Head,182.7,373,140
9748,Defense Time,214.6,365,776
9749,Meet Ready,314.2,5,583
9750,Chair Wide,71.87,335,321
9751,Second Institution,448.72,193,58
9752,Past Add,384.62,320,45
9753,But Impact,349.57,272,678
9754,Suddenly Citizen,438.58,137,445
9755,Word Yard,492.29,263,186
9756,Best Doctor,65.29,117,430
9757,He Speak,308.48,294,239
9758,Leader Former,210.99,432,931
9759,For Key,393.23,171,758
9760,Every Find,34.02,370,922
9761,Nation Go,162.04,196,442
9762,Brother Weight,493.29,477,521
9763,Air Father,130.09,102,978
9764,Television Media,145.15,386,785
9765,Grow Pressure,285.25,280,312
9766,Which Argue,262.93,365,581
9767,Quickly Author,157.86,331,467
9768,Learn Perform,160.61,6,967
9769,Child She,173.53,252,211
9770,Card Your,107.77,262,292
9771,Field Safe,114.57,60,382
9772,Why Rule,34.27,489,87
9773,Present Worker,86.03,387,790
9774,Stay Wind,246.95,113,13
9775,Decade Will,82.21,51,263
9776,Expect Expect,381.2,418,598
9777,The Article,44.64,381,351
9778,Though Total,449.22,318,523
9779,Carry Growth,293.51,397,79
9780,Total Debate,135.37,79,362
9781,Well Talk,199.51,117,892
9782,Here Open,411.88,213,484
9783,Stage Everyone,388.03,265,705
9784,Voice Win,473.92,159,476
9785,Record Television,265.85,117,820
9786,His Majority,89.07,244,827
9787,Cell Know,226.23,381,243
9788,Even Window,365.46,404,587
9789,Wind Ball,154.17,284,45
9790,Election Notice,367.69,197,166
9791,Move Center,105.32,274,498
9792,Good Act,66.51,366,958
9793,Mission Power,403.95,309,583
9794,Yourself For,422.99,492,269
9795,Area Where,216.93,453,692
9796,Some Model,387.31,231,728
9797,They Different,472.25,175,475
9798,End Strong,301.1,151,550
9799,Need Bring,289.6,35,88
9800,Clearly Respond,460.95,248,126
9801,Party Coach,326.96,341,62
9802,Detail Collection,210.44,468,137
9803,Know Easy,409.83,279,862
9804,Large People,483.47,448,837
9805,Plant Building,155.5,484,238
9806,Hold Bank,226.36,77,593
9807,Result Why,57.0,378,276
9808,Item Usually,404.24,260,998
9809,Despite Make,448.67,252,82
9810,Behavior Man,394.87,143,381
9811,Whatever Address,66.08,10,66
9812,Scientist Hotel,192.13,119,530
9813,Matter Friend,28.18,466,928
9814,Still Prevent,181.96,304,879
9815,Expect Analysis,167.78,72,73
9816,Guy Cold,124.51,63,460
9817,Believe Day,33.42,146,477
9818,Environmental Recognize,413.37,414,580
9819,Ago Term,81.9,333,703
9820,Next Husband,18.22,469,67
9821,Life Administration,116.05,92,33
9822,Now Film,475.31,63,327
9823,Involve Might,136.73,140,258
9824,Defense Audience,257.86,56,117
9825,Interview Get,430.48,197,754
9826,Glass Building,96.88,322,544
9827,Network Cut,453.69,457,638
9828,Free Foot,371.57,281,332
9829,Break Population,25.63,319,265
9830,Front Position,234.6,72,556
9831,Station Support,265.16,407,941
9832,Site Animal,253.8,189,27
9833,Several Wrong,117.12,99,770
9834,Last Say,129.55,9,313
9835,Professional Board,86.08,423,568
9836,Parent Land,398.23,227,865
9837,Expert Phone,432.58,133,743
9838,Through Law,371.54,179,272
9839,Expert To,70.45,234,362
9840,Son Bed,106.07,428,505
9841,Later Cost,279.92,267,595
9842,Challenge Tv,27.79,69,714
9843,Nation Race,34.32,86,889
9844,Guy Health,228.59,431,232
9845,Yes End,242.82,224,353
9846,Much Might,136.61,376,151
9847,Quality Within,202.72,262,746
9848,Whole Drive,248.08,178,415
9849,Give Executive,269.54,434,310
9850,Manage Available,262.16,129,521
9851,Size Act,310.97,363,710
9852,Word Generation,209.25,362,826
9853,Practice Sort,485.63,393,132
9854,Fine Third,490.85,291,782
9855,Now Condition,54.78,23,534
9856,Medical Explain,12.17,177,913
9857,Science Instead,150.07,454,800
9858,Eye None,135.66,110,506
9859,Own Past,475.57,487,218
9860,Make Organization,403.53,214,222
9861,Moment Pretty,254.08,349,896
9862,Occur Likely,189.87,461,837
9863,At Score,162.19,395,205
9864,Around Decide,49.49,11,267
9865,Nearly Prevent,404.75,119,830
9866,Dinner Since,164.36,13,839
9867,Prepare Find,259.32,207,583
9868,Stock Dinner,67.61,254,448
9869,Arm Become,178.19,25,792
9870,No Bring,372.9,344,36
9871,Prevent Have,205.71,223,532
9872,Onto Side,483.45,88,503
9873,Few Brother,220.39,8,421
9874,Father Fact,127.85,267,678
9875,Total Administration,439.5,249,137
9876,Scene Inside,273.06,377,982
9877,Worry First,382.19,397,72
9878,Nothing Pull,440.14,339,140
9879,Region Decision,26.86,413,353
9880,Evidence Pay,134.72,488,940
9881,Color History,108.34,231,237
9882,Raise Occur,319.54,192,500
9883,Product Court,40.1,221,864
9884,Benefit Half,93.06,257,207
9885,Something Range,451.81,441,761
9886,Similar Expect,249.75,123,902
9887,Line According,230.82,180,907
9888,Throughout Real,425.59,401,736
9889,Event Identify,375.93,17,618
9890,Onto Visit,62.33,228,214
9891,Within Office,382.27,482,445
9892,Stock Personal,498.83,279,7
9893,Popular Also,41.82,496,649
9894,Buy Cost,125.33,337,380
9895,Crime Clear,5.24,218,994
9896,Best Expert,31.25,77,123
9897,Record Civil,84.57,160,708
9898,New Wind,130.24,283,152
9899,Tend Top,417.71,28,360
9900,Enter Tax,113.25,257,404
9901,Green View,204.67,446,280
9902,Baby Bring,115.07,311,501
9903,Even Subject,312.31,237,620
9904,Bit Since,96.42,87,839
9905,Recently Hope,420.37,304,633
9906,Participant Car,82.65,183,532
9907,Partner Picture,485.69,267,181
9908,With Blood,301.27,176,172
9909,Serious Likely,198.55,331,102
9910,Somebody Most,362.37,311,589
9911,Method Defense,260.53,157,702
9912,Support Ahead,33.29,217,135
9913,Little Effect,442.37,56,447
9914,Fear Social,241.57,270,610
9915,Their Soon,452.06,147,282
9916,Scientist Recent,110.73,424,42
9917,Follow See,261.21,34,220
9918,Open Forget,295.91,197,257
9919,Act Side,51.15,99,297
9920,Single Garden,32.37,32,850
9921,Same City,343.95,265,467
9922,Son Another,35.44,97,201
9923,Ever Our,389.63,227,697
9924,Treatment Top,307.02,137,315
9925,Option Red,96.17,477,240
9926,Blue To,131.1,243,197
9927,Again Agree,127.81,474,423
9928,Difference Market,230.24,369,146
9929,Skin Decade,194.44,472,654
9930,Management Which,425.32,17,874
9931,Light Take,343.8,380,326
9932,Foreign Other,163.64,122,619
9933,As Parent,304.03,326,737
9934,Face International,183.64,102,813
9935,Support Event,186.46,241,573
9936,Model Imagine,234.87,287,155
9937,American Story,42.25,60,946
9938,Leader Cup,370.66,353,679
9939,Thank Short,344.24,159,410
9940,Pay Represent,402.35,8,731
9941,Even Environment,313.43,189,461
9942,Pass Job,242.92,319,504
9943,Process Themselves,432.51,381,534
9944,Similar Image,202.94,311,767
9945,Describe May,306.02,249,447
9946,New Who,139.13,366,53
9947,Senior High,17.58,354,434
9948,One Source,31.38,292,24
9949,Painting Response,147.18,489,289
9950,West Effort,219.75,463,928
9951,Myself Tough,231.43,328,671
9952,Reach Could,346.74,306,49
9953,Bring Not,330.43,139,121
9954,Probably Yeah,137.56,489,954
9955,Exist However,252.37,220,493
9956,Director Understand,336.03,332,506
9957,Record Race,164.39,312,548
9958,Same Tv,359.37,152,297
9959,He Past,24.42,175,649
9960,Charge Stuff,77.6,198,472
9961,Serious Stop,427.96,148,189
9962,Tell Culture,388.34,45,151
9963,Generation News,304.36,340,229
9964,At Country,65.93,176,683
9965,Contain School,320.06,402,589
9966,Pattern Time,336.73,135,35
9967,Act Charge,495.33,177,407
9968,Trip Early,490.51,401,221
9969,Specific Away,40.61,5,986
9970,Nearly Any,400.01,201,782
9971,Force True,54.46,461,156
9972,Her Evidence,225.55,491,739
9973,Well Good,14.25,304,175
9974,Stay People,53.96,303,939
9975,Design Travel,112.44,240,11
9976,Its Nor,292.27,282,111
9977,Key Small,222.59,93,825
9978,Right Move,342.98,126,758
9979,Tree Later,28.44,148,396
9980,Accept Have,467.78,304,814
9981,Big Necessary,452.36,441,826
9982,Bar Dark,311.5,401,561
9983,Entire Base,23.86,276,754
9984,Authority Among,250.66,350,588
9985,Thus Model,490.57,500,217
9986,So Loss,97.47,423,898
9987,Book Poor,155.17,206,50
9988,Could Say,109.03,181,753
9989,Window Say,34.41,310,170
9990,Hundred Collection,214.43,471,940
9991,Design Majority,130.01,480,6
9992,Floor Life,311.98,195,944
9993,Chance Drug,109.22,270,144
9994,Tree Magazine,80.52,166,891
9995,Responsibility Alone,189.31,209,571
9996,Early Recognize,327.08,157,397
9997,Minute Than,42.37,498,107
9998,Finally Themselves,109.9,318,122
9999,History Before,263.07,387,775
10000,Before Add,73.39,331,135
